;;abdecken ;;pokriti, obuhvatiti, uključivati;;;
;der;Abend;;večer;Ich war gestern Abend nicht zu Hause.;evening;
;das;Abendessen;;večera;Sie hat mich zum Abendessen eingeladen.;dinner;
;;abends;;navečer;Was machst du abends?;in the evening;
;;abfeuern ;;okinuti, opaliti;;;
;der;Abflug;"<-(e)s; Abflüge>";polijetanje;;;
;der;Abflugtag;"<-(e)s; -e>";dan polijetanja;;;
;;abholen;;doći po nekoga / pokupiti nekoga;;;
;der;Ablauf;"<-(e)s; Abläufe>";istek, hod, tok, tijek;;;
;;abschließen;;završiti, zaključati, svršiti, okončati;;;
;die;Absicht;;namjera;;;
;;abstimmen;;glasati, glasovati, uskladiti, koordinirati;Wenn ich morgens aufstehe, stimme ich meine Klammoten mit meiner Stimmung ab.;to go with;When I wake up in the morning, my clothes have to go with my mood.
;die;Abteilung;"<Abteilung; -en>";odjel, odsjek, sekcija, odred;In welcher Abteilung arbeiten Sie?;;
;die;Adaptierung;"<Adaptierung; Adaptierungen>";adaptacija, prilagodba;;;
;das;Adjektiv;-s -e;pridjev;In der deutschen Sprache ist der Adjektiv nicht schwer.;adjective;In the German language the adjective is not very hard to learn.
;die;Adresse;;adresa;Hast du shon mene neue Addrese? Ich glaube, dass das ihre Addrese ist.;address;
;die;Agentur;"<Agentur; -en>";agencija, agentura, predstavništvo;;;
;;ähnlich;;sličan;;;
;die;Aktivität;"<Aktivität; -en>";aktivnost;;;
;;akzeptieren;;prihvatiti;;;
;der;Albtraum;;noćna mora;;;
;;alle;;svi;;;
;;allein;;sam;Ich arbeite gern allein. Mit wem arbeitest du gern? Bist du hier allein?;alone;
;;allerdings;;svakako, i onako;;;
;;alles ;;sve;;;
;;also;;dakle;;;
;;alt;;star;Wie alt ist unserer Lehrer?;old;
;;am besten;;najbolje;;;
;;am liebsten;;omiljen;;;
;die;Ameise;Ameise -n;mrav;Im film Bug’s Life geht es um Ameisen.;ant;The movie ‘A bug’s life’ is about ants.
;die;Ampel;;semafor;;;
;;anbieten ;;ponuditi, pružiti;Er hat mich seine Hilfe angeboten.;;
;;andere;;drugi;;;
;;andererseits ;;s druge strane, u drugu ruku;;;
;;anderswo;;negdje drugdje;;;
;der;Anfang;"<-(e)s; Anfänge>";početak;Das war ein schlechter Anfang.;beginning;
;;anfangen;;početi;Wann fängst du mit der Arbeit an?;to begin/to start;
;der;Anfänger;;početnik;;;
;die;Anforderung;"<Anforderung; -en>";zahtjev;;;
;die;Anfrage;"<Anfrage; -n>";upit;;;
;das;Angebot;"<Angebot(e)s; Angebote>";ponuda;;;
;;angebracht ;;prikladan, uputan;;;
;die;Angelegenheit;"<Angelegenheit; -en>";posao, materija, stvar;;;
;;angenehm ;;ugodan, prijatan;;;
;die;Angestellte;"<-n; -n>";službenica, namještenica;;;
;die;Angst;"<Angst; Ängste>";strah;Sie hat Angst vor Schlangen? Ich habe vor nichst Angst.;fear;
;;ankommen;;stići;Wir sind gestern angekommen.;arrive;
;die;Anleitung;"<Anleitung; -en>";uputa;;;
;;anprobieren;;isprobati;Wenn ich etwas anprobiere dann muss es richtig passen.;to try on;When I try something on, it really has to fit.
;der;Anrainer;<Anrainer, pl>;susjedi;;;
;die;Anrechnung;"<Anrechnung; kein pl>";priznavanje;;;
;;anrufen ;;nazvati, pozvati, prizvati;;;
;;anschauen;;pogledati;;;
;;anschreiben;;obratiti se pisanim putem;;;
;das;Anschreiben;;popratno pismo;;;
;;ansehen;;pogledati;;;
;;anstrengend;;naporno;;;
;das;Antibiotikum;-s -ka;antibiotik;Wenn ich für eine längere Zeit krank bin, dann nehme ich Antibiotikum.;antibiotic;When I am feeling sick for a long time I take antibiotics.
;die;Antwort;;odgovor;Hast du shon eine Antwort bekommen?;answer;
;;antworten;;odgovoriti;Warum antwortet er nicht? Er hat geantwortet aber ich habe ihn nicht verstanden.;answer;
;der;Anwalt;;odvjetnik;Möchtest du mit meinem Anwalt spazieren gehen?;;
;die;Anwendung;"<Anwendung; -en>";primjena, tretman;;;
;die;Anzeige;"<Anzeige; -n>";oglas;;;
;der;Anzug;;odijelo;Ich habe einen neuen Anzug.;suit;
;;anzünden;;upaliti;;;
;der;Apfel;"<-s; Äpfel>";jabuka;Ich esse nicht gerne Äpfel.;;
;der;Apparat;"<-(e)s; -e>";aparat, sprava, telefon;;;
;die;Arbeit;;posao;Meine Arbeit ist nicht schwer. Bist du jetzt auf der Arbeit?;job;
;;arbeiten;;raditi;Er hat gestern nicht gearbeitiet.;work;He didn’t work yesterday.
;der;Arbeiter;;radnik;;;
;der;Arbeitgeber;"<-s; Arbeitgeber>";poslodavac;;;
;die;Arbeitgeberin;"<Arbeitgeberin; -innen>";poslodavka;;;
;;arbeitlos;;nezaposlen;;;
;das;Arbeitsamt;"<-(e)s; Arbeitsämter>";burza rada, zavod za zapošljavanje;;;
;der;Arbeitstag;;radni dan;Wann beginnt dein Arbeitstag?;working day;
;die;Arbeitszeit;;radno vrijeme;;;
;das;Arbeitszeugnis;;radna knjižica, radna svjedodžba;;;
;;arm;;siromašan;Er ist arm aber glücklich.;poor;
;der;Arzt;;liječnik;;;
;die;Arztin;;liječnica;;;
;der;Assistent;"<-en; -en>";asistent, pomoćnik;;;
;die;Assistentin;"<Assistentin; -innen>";asistentica, pomoćnica;;;
;;auch;;također;Ist sie auch zwanzig Jahre alt?;too;
;;auf dem Laufenden sein ;;biti u toku;;;
;der;Aufbau;"<-(e)s; -ten>";nadogradnja, izgradnja, ustrojstvo, uspostava, montaža;;;
;der;Aufenthalt;"<-(e)s; -e>";boravak, zadržavanje;;;
;die;Aufenthaltserlaubnis;"<Aufenthaltserlaubnis; -(se)>";boravišna dozvola;;;
;die;Aufgabe;"<Aufgabe; -n>";zadatak, zadaća, napuštanje, predaja;;;
;das;Aufgabengebiet;;područje odgovornosti, opseg dužnosti;;;
;;aufgeben;;predati se / odustati;;;
;;aufgeregt;;uzbuđen;;;
;;aufladen;;napuniti;;;
;die;Aufmerksamkeit;"<Aufmerksamkeit; -en>";pažnja, pozornost;;;
;;aufpassen;`;brinuti o nekome / paziti;;;
;;aufräumen;;srediti, pospremiti;So ein Chaos! Ich muss unbedingt aufräumen.;;
;;aufrechterhalten ;;održati, održavati;;;
;;aufschreiben;;zapisati;;;
;;aufstehen;;ustati;Gestern bin ich sehr spät aufgestanden.;stand up;
;;aufwachen;;probuditi;;;
;das;Auge;"<-s; -n>";oko;;;
;der;Augenblick;;treptaj oka /trenutak;;;
;die;Augenhöhe;;u ravnini očiju;;;
;die;Ausbildung;"<Ausbildung; -en>";usavršavanje, trening, izobrazba, škola, obrazovanje;;;
;die;Ausfahrt;;izlaz (vozački);;;
;der;Ausflug;;izlet;Am Wochenende machen wir mit Freunden einen Ausflug.;picnic;
;die;Ausführung;"<Ausführung; -en>";izvedba, izvođenje;;;
;der;Ausgang;;izlaz (pješački);Ich kann den Ausgang nicht finden.;exit;
;;ausgeben;;potrošiti;Da hat die Firma richtig viel Geld ausgegeben.;;
;;ausgeliehen;;posuditi;Ich habe ein Buch ausgeliehen.;;
;;ausgerechnet;;baš, upravo od svih;;;
;;ausgezeichnet ;;izvrstan, odličan;;;
;der;Ausgleich;"<-(e)s; -e>";izravnanje, poravanje, izjednačenje, kompenzacija;;;
;die;Auskunft;;informacija;;;
;das;Ausland;;inozemstvo;Er hat lange im Ausland gelebt.;abroad;
;der;Ausländer;;stranac;Er ist ein Ausländer aber er kann seht gut Deutsch sprechen.;foreigner;
;die;Auslanderin;;strankinja;Sie ist eine Ausländerin.;foreigner;
;;ausmachen;;ugasiti;;;
;das;Ausmaß;"<-es; -e>";razmjer, mjera;;;
;die;Ausnahme;;izuzetak;;;
;der;Ausnahmezustand;"<-(e)s; Ausnahmezustände>";izvanredno stanje;;;
;;ausreichend ;;dovoljan, dostatan;;;
;;aussagekräftig;;smisleno, suvislo, ekspresivno, izražajno;;;
;;Ausschreibung;"<Ausschreibung; -en>";oglas, raspisivanje;;;
;;aussehen;;izgledati;;;
;;außerdem ;;osim toga, uz to, dodatno;;;
;die;Aussicht;;izgled;;;
;die;Ausstattung;"<Ausstattung; -en>";oprema;;;
;der;Austausch;<-(e)s>;izmjena, razmjena;;;
;der;Auswahl;<Auswahl>;izbor, selekcija;;;
;;auswählen ;;izabrati, odabrati;;;
;der;Ausweg;;izlaz (pješački);;;
;der;Ausweis;;osobna iskaznica;;;
;;ausziehen;;skinuti;Wenn ich nach Hause komme, das erste was ich mache ist meine Klammoten ausziehen und etwas anderes anziehen.;to take off;When I come home, the first I do is take off my clothes and wear something else.
;das;Auto;;auto;Bist du mit dem Auto hier. Nein, Ich bin zu fuß gekommen. Hast du schon einmal jemandem deinen Auto geliehen?;car;
;die;Automatisierung;"<Automatisierung; kein pl>";automatizacija;;;
;;backen;;peći;;;
;der;Bäcker;"<-s; Bäcker>";pekar;;;
;die;Bäckerei;"<Bäckerei; -en>";pekara;;;
;die;Bäckerin;"<Bäckerin; -innen>";pekarica;;;
;das;Bad;;kupatilo;Wo ist das Bad?;bathroom;
;;baden ;;kupati se;;;
;der;Bahnhof;;željeznički kolodvor;Ich warte am Bahnhof auf dich. Meine Freundin hat mich vom Bahnhof abgeholt.;train station;
;;bald;;uskoro;Kommst tu bald? Warten Sie, der Bankkaufmann kann Ihnen bald helfen.;soon;
;der;Ball;;lopta;Ich bringe meinen Ball mit.;ball;
;die;Banane;"<Banane; -n>";banana;;;
;die;Bank;;banka;;;
;das;Bargeld;-(e)s;gotovina;Ich musste heute Bargeld von meiner Bank abheben.;Cash;I had to take out cash from my bank.
;;basieren ;;bazirati;;;
;die;Basis;"<Basis; Basen>";baza, temelj;;;
;der;Bau;"<-(e)s; -ten>";gradnja, proizvodnja;;;
;der;Bauch;;stomak;;;
;die;Bauchschmerzen;pl;bol u stomaku;Wenn ich Bauchschmerzen habe, bin ich schlecht drauf.;stomachache;When I have a stomachache, I am in a very bad mood.
;die;Baufachmesse;"<Messe; -n>";građevinski sajam;;;
;der;Baum;;drvo;Die Bäume bekommen schon gelbe Blätter.;;
;das;Baumaterial;"<-s; -lien>";građevinski materijal;;;
;;beachten ;;obratiti pozornost na;;;
;;beantragen;;potražiti, zatražiti, predložiti;;;
;;bedeuten ;;značiti;;;
;die;Bedingung;;uvijet;;;
;die;Bedingungen;;uvijeti;;;
;;beeinträchtigen ;;smetati, ometati, krnjiti, okrnjiti;;;
;;beenden;;završiti;;;
;die;Befreiung;;oslobođenje od nečega, izuzeće;;;
;;begegnen ;;sresti, suočiti;;;
;;beginnen ;;početi;;;
;;begrüßen;;pozdraviti;Ich sollte Sie von meiner Tante grüßen.;;
;;beheben ;;otkloniti, odstraniti, ukloniti;;;
;die;Behörde;"<Behörde; -n>";vlast, uprava;;;
;;beide ;;oba, obje, oboje;;;
;die;Beilage;"<Beilage; -n>";prilog;;;
;das;Bein;;noga;;;
;das;Beispiel;;primjer;Können Sie mir bitte ein Beispiel sagen? Mein Freund hat viele Hobbys wie zum Beispiel Kochen, Tanzen und so weiter.;example;
;;bekannt;;poznat;;;
;;bekommen;;dobiti;Haben Sie meinen Brief bekommen?;get;
;;belastbar;;izdržljiv, otporan na stres, žilav;;;
;;beliebt;;omiljeni;;;
;;bemerken;;primjetiti;;;
;;benötigt ;;potreban, zahtjevan, obavezan;;;
;;benutzen;;koristiti;;;
;das;Benutzerkonto;"<-s; -ten>";korisnički račun;;;
;;bequem;;udoban;;;
;;beraten ;;savjetovati;;;
;das;Beratungsgespräch;"<-(e)s; -e>";konzultacije, savjetovanje;;;
;;berechnen;;naplaćivati;;;
;die;Berechnung;"<Berechnung; -en>";proračun, obračun;;;
;der;Bereich;"<-(e)s; -e>";područje, domašaj, domet;;;
;;bereisen;;putovati;Ich bereise gerne Deutschland.;tour;I like to tour Germany.
;;bereit;;spreman;Ich bin jederzeit bereit, dir zu helfen.;ready;
;;bereits;;već;;already;
;;bereitstellen ;;depolyati;;;
;die;Bereitstellung;<Bereitstellung>;stavljanje na raspolaganje, deployanje;;;
;der;Berg;-(e)s -e;planina;In Deutschland , wo ich wohne, gibt es sieben Berge das ist das Siebengebirge, was sehr bekannt ist.;mountain;In Germany, where I live, there are seven mountains, which is the “Siebengebirge”, which is very famous.
;der;Bericht;"<-(e)s; -e>";izvješće, izvještaj;;;
;;berichten;;izvještavati;;;
;der;Beruf;"<-(e)s; -e>";zanimanje;;;
;;beruflich;;profesionalno;;;
;;berufseinschlägig;;profesionalno relevantan;;;
;die;Berufserfahrung;"<Berufserfahrung; -en>";profesionalno iskustvo;;;
;;berufstätig;;zaposlen;;;
;;beschäftigen;;ticati se;Fälle, die das ganze Land beschäftigen.;;
;;beschäftigt;;zauzet poslom;Sie sind sehr beschäftigt.;busy;
;die;Beschäftigung;;zanimanje;;occupation;
;;beschreiben;;opisati;;;
;die;Beschreibung;"<Beschreibung; -en>";opis;;;
;;Beschuldigte;"<-n; -n>";okrivljenik/okrivljenica, optuženik/optuženica;;;
;die;Beschwerde;"<Beschwerde; -n>";žalba, pritužba;;;
;das;Beschwerdemanagement;"<-s; -s>";upravljanje pritužbama;;;
;;besetzen ;;podijeliti uloge, zauzeti, zaposjednuti, opšiti;;;
;;besitzen ;;posjedovati, imati;;;
;der;Besitzer;"<-s; Besitzer>";vlasnik, posjednik, ;;;
;die;Besitzerin;"<Besitzerin; -innen>";vlasnica, posjednica;;;
;;besonders;;naročito;Wie geht’s? Nicht besonders.;specially;
;;besorgen;;pobrinuti se;;;
;;bestätigen;;potvrditi;;;
;die;Bestätigung;"<Bestätigung; -en>";potvrda;;;
;;bestehen ;;postojati, biti, položiti;;;
;;bestehend ;;postojeći, trenutni;;;
;;bestellen;;naručiti;;;
;die;Bestellung;"<Bestellung; -en>";narudžba;;;
;;bestimmt;;sigurno;;;
;der;Besuch;;poseta;Dieser Besuch war mir wichtig.;visit;
;;besuchen;;posjetiti;Willst du deinen Freund besuchen? Besuchst du lieber die Schweiz oder die Türkei.;visit;
;der;Betrag;"<-(e)s; Beträge>";svota, iznos;;;
;der;Betreff;<Betreffe, pl>;predmet (e-mail);;;
;der;Betrieb;"<-(e)s; -e>";pogon, promet, tvornica, poduzeće, firma;;;
;das;Betriebsfest;"<Betriebsfester; Betriebsfestest>";domjenak, zabava u poduzeću;;;
;das;Bett;;krevet;Um wieviel Uhr gehts du ins Bett. Ich gehe spät ins Bett. Mein Bett ist klein aber bequem.;bed;
;;beurteilen;;procijeniti / prosuditi;Das kann ich nicht beurteilen.;assess;
;;brauchen ;;trebati;;;
;die;Bevölkerung;"<Bevölkerung; -en>";stanovništvo;;;
;der;Bevölkerungsstand;"<-(e)s; Bevölkerungsstände>";stanje stanovništva;;;
;;bevor;`;prije;;;
;;bewegen;;kretati se;;;
;;bewegung;;kretanje;;;
;die;Bewerbung;"<Bewerbung; -en>";prijava;;;
;;Bewerbungsunterlagen;;papiri za prijavu;;;
;;bewerten;;procijeniti / evaluirati;;;
;der;Bewohner;;stanar;;;
;;bewundern;;diviti se;;;
;;bewundern;;diviti se;;;
;;bezahlen;;platiti;Wollen Sie die Rechnung erst morgen bezahlen?;pay;
;;beziehungsweise (bzw.) ;;odnosno;;;
;das;Bier;;pivo;Trinken wir noch ein Bier?;beer;
;;bieten ;;nuditi, ponuditi;;;
;das;Bild;;slika;Das Bild hängt nicht gerade.;picture;
;der;Bildungsgutschein;"<-(e)s; -e>";kupon za edukaciju, vaučer za edukaciju;;;
;;billig;;jeftin;;;
;;bis;;do;;;
;;Bis naccher;;vidimo se poslije;;;
;;bis vor Kurzem ;;donedavno;;;
;;bislang ;;do sada, za sada;;;
;;bitten;;moliti nekoga;Ich bitte dich um Hilfe. Kann ich dich um einen Gefallen bitten?;please;
;;blau;;plav;Warum ist der See blau?;blue;
;;bleiben;;ostati;Wie lange bleibst du?;stay;
;der;Bleistift;;olovka;Er hat wieder meinen Bleistift genommen.;pen;
;die;Blume;;cvijet;;;
;die;Bluse;"<Bluse; -n>";bluza;Zieh doch einfach eine Hose und eine Bluse an.;;
;der;Boden;;pod/tlo;Der Bden ist nicht sehr sauber. Das Glass ist auf den boden gefallen.;floor;
;die;Bordkarte;"<Bordkarte; -n>";karta za ukrcaj;;;
;;böse;;ljut;Warum bist du böse?;angry;
;;brauchen;;trebati;Was brauchen wir noch?;need;
;;breit;;širok;;;
;die;Brille;;naočale;;;
;;bringen;;donjeti, prenjeti, pokazati;Bringen sie mir bitte ein Glas Tee. Ich habe Wein gebracht aber ich habe keinen Wein getrunken.;bring;
;das;Brot;"<-(e)s; -e>";kruh;Ich möchte nur Butter aufs Brot. Das Brot ist noch ganz frisch. Wo kaufst du normalerwiese Brot?;bread;
;die;Brücke;;most;Sie fahren über die Brücke.;bridge;
;der;Bruder;-s, -;brat;Mein Bruder spielt mit seinem Spielzeug.;brother;My brother is playing with his toy.
;das;Bruttoinlandsprodukt (BIP);"<-(e)s; -e>";bruto domaći proizvod;;;
;das;Buch;;knjiga;Hast du dieses Buch schon gelesen? Magst du das Buch?;book;
;;buchen ;;uknjižiti, bukirati, rezervirati;;;
;das;Büchregal;;polica za knjige;Ich habe mein Buch ins Bücherregal gestellt.;book shelf;
;das;Budget;"<-s; -s>";budžet;;;
;;bunt;;šaren;;;
;der;Bürger;"<-s; Bürger>";građanin;;;
;die;Bürgerin;"<Bürgerin; -innen>";građanka;;;
;das;Büro;;ured/kancelarija;Manchmal bleibe ich freiwillig länger im Büro.;office;
;die;Bushaltestelle;;autobusna stanica;;;
;der;Champignon;"<-s; -s>";šampinjon, pečurka;;;
;die;Chance;"<Chance; -n>";šansa, prilika;;;
;;charakteristisch ;;karakterističan, značajan, svojstven;;;
;die;Chemie;<Chemie>;kemija;;;
;;dabei;;pri tome;;;
;;dagegen;;protiv;;;
;die;Dame;"<Dame; Damen>";dama;;;
;;damit ;;time;;;
;;danach ;;nakon toga, zatim;;;
;der;Dank;;zahvalnost;;;
;;dankbar;;zahvalan;;;
;;danken;;zahvaliti;;;
;;daraufhin;;nakon toga / zatim;;;
;;darüber;;o tome;Die Flasche ist auf dem Tisch.;about that;
;;darunter ;;niže, među njima, pod tim;;;
;;Das stimmt.;;To stoji. Slažem se. ;;;
;;dasselbe ;;isti;;;
;;dauern;;trajati;;;
;;dazu;;na to, k tome, uz to;An wen denkst du? So schlecht, wie du denkst, bin ich nicht. An wen hast du gedacht?;to that/for that;
;;demnach ;;dakle, prema tome;;;
;;denken;;misliti;Ich denke, dass wir dumm sind.;think;
;der;der Zuschuss ;;pomoć, subvencija, potpora u financijskom smislu;;;
;;deshalb;;zbog toga;;;
;das;Detail;"<-s; -s>";detalj, pojedinost;;;
;;deutlich;;razgovjetno / jasno;;;
;der;Dialog;"<-(e)s; -e>";dijalog;;;
;;dick;;debeo;Ich bin zu dick. Ich muss weniger essen.;fat;
;;die Verantwortung übernehmen ;;preuzeti odgovornost;;;
;der;Dienst;"<-(e)s; -e>";služba, usluga, servis;;;
;die;Dienststelle;"<Dienststelle; -n>";služba;;;
;die;Digitalisierung;"<Digitalisierung; kein pl>";digitalizacija;;;
;das;Ding;;stvar;;;
;die;Disziplin;"<Disziplin; -en>";disciplina, stega, struka;;;
;die;Dokumentation;"<Dokumentation; -en>";dokumentacija;;;
;;dominieren ;;dominirati, prevagnuti, prevladavati;;;
;das;Doppelzimmer;"<-s; Doppelzimmer>";dvokrevetna soba;;;
;;dort;;tamo;Wie lange werden Sie dort bleiben?;there;
;;draußen;;vani;Im Sommer liebe ich es, draußen zu sein das Wetter zu genießsen;outside;In the summer time I love to be outside and enjoy the weather.
;;dringend ;;hitno, žurno, urgentno, neodložno;;;
;der;Drucker;-s Drucker;pisač;Der Drucker macht heute nicht unbedingt was ich möchte.;Printer;The printer is not doing what it’s supposed to do.
;;dumm;;glup;Entschuldigung, das war dumm von mir.;;
;;dunkel;;mračno/tamno;Um sechs Uhr ist es schon dunkel.;dark;
;;dünn;;mršav;;;
;;durch;;kroz;Er sieht uns durch das Fenster.;through;
;die;Durchführung;"<Durchführung; -en>";izvedba, provedba, provođenje;;;
;;durchlesen;;pročitati;;;
;der;Durchschnitt;"<-s; -e>";prosjek;;;
;die;Durchschnittgeschwindigkeit;;prosječna brzina;;;
;;dürfen;;smjeti;Sie dürfen hier nicht rauchen.;may;
;;durstig;;žedan;Was trinkst du, wenn du durstig bist?;thirsty;
;die;Ebene;"<Ebene; -n>";ravnica, ravnina;;;
;;ebenfalls;;također;;also / as well;
;die;Ecke;"<Ecke; -n>";ugao, kraj;Wo ist die Apotheke? Gleich um die Ecke.;;
;;egal;;isti;;;
;das;Ehepaar;;bračni par;Dieses Ehepaar ist so süß.;married couple;
;das;Ei;"<-(e)s; -er>";jaje;;;
;;eifersüchtig;;ljubomoran;;;
;das;Eigenkapital;"<-s; -e, -lien>";početni kapital;;;
;;eigentlich;;u stvari;Was willst du eigentlich von mir?;;
;;eigenverantwortlich ;;autonoman, nezavisan;;;
;der;Eindruck;;utisak;;;
;;einen Schuss abfeuern ;;opaliti hitac;;;
;;einfach;;jednostavan;Ist das einfach? Ist Englisch eine einfache Sprache?;simple;
;der;Einfluss;"<-es; Einflüsse>";utjecaj, upliv;;;
;;eingerichten;;opremiti;;;
;;eingerichtet;;opremljen;;;
;;einige;;nekoliko, neki;Im Geschäft hat er einige Sachen gekauft und alles nach Hause gebracht.;few;
;;einkaufen;;ići u kupovinu;;;
;die;Einkaufsliste;"<Einkaufsliste; -n>";popis za trgovinu;;;
;der;Einklang;<-(e)s>;sklad, skladnost;;;
;das;Einkommen;;prihod;;;
;;einladen;;pozvati;Möchten Sie ihn wieder einladen? Darf ich Sie zum Essen einladen?;invite;
;die;Einladung;"<Einladung; -en>";poziv;;;
;;einmal;;jednom/jedanput;Sie gehen dort einmal pro Jahr.;one time;
;;einnehmen;;uzeti;Ich habe etwas eingenommen.;take;
;der;Einsatz;"<-es; Einsätze>";misija, akcija, djelo;;;
;;einschlafen;;uspavati/zaspati;Gestern bin ich sehr spät eingeschlafen.;fall asleep;
;;einsetzen;;postaviti, namjestiti, ugraditi;;;
;;einsteigen;;ući/popeti se u vozilo;;;
;;einstellen ;;obustaviti, prekinuti, umetnuti, podesiti;;;
;die;Einstellung;"<Einstellung; -en>";obustava, prekid, stav, zapošljavanje;;;
;das;Einstiegsgehalt;;početna plaća;;;
;;eintreffen ;;stizati, stići;;;
;;eintreten;;ući;;;
;der;Eintritt;;ulaz;;;
;der;Einwohner;"<-s; Einwohner>";stanovnik;Wien ist die Stadt mit mehr als 2 Millionen Einwohnern.;;
;die;Einwohnerin;"<Einwohnerin; -innen>";stanovnica;;;
;der;Einzelhandel;<-s>;maloprodaja;;;
;;einziehen;;useliti se;;;
;die;Einzigartigkeit;"<Einzigartigkeit; kein pl>";jedinstvenost, individualnost;;;
;das;Eis;;sladoled;Ich mag Eis essen.;Ice-cream;
;die;Elektronikindustrie;"<Elektronikindustrie; -n>";elektronska industrija;;;
;die;Eltern;<pl.>;roditelji;;;
;;empfangen;;primiti;;;
;die;Empfangsdame;"<Empfangsdame; Empfangsdamen>";recepcionerka;;;
;;empfehlen;;preporuičiti;;;
;das;Ende;"<-s; -n>";kraj;Am Ende dieser Woche gehe ich auf das Land.;;
;;endgültig ;;konačno, konačan;;;
;;endlich;;konačno;;;
;;entdecken;;otkriti;;;
;die;Ente;Ente -n;patka;Am See gibt es viele Enten.;duck;At the lake there are a lot of ducks.
;;entfernt;;udaljen;;;
;;entkommen ;;pobjeći, izbjeći;;;
;;entscheiden;;odlučiti;;;
;;entscheidend ;;odlučujući, presudan;;;
;die;Entscheidung;;odluka;;;
;;entschieden;;odlučan, odrješit;;;
;;entschuldigen;;oprostiti;Entschuldigen Sie bitte, wie spät ist es?;forgive;
;;entsprechen ;;odgovarati, biti jednako;;;
;;entsprechend ;;odgovarajući, primjeren, korespodentni;;;
;;entstehen ;;nastati, postati;;;
;;enttäuscht;;razočaran;;;
;;entweder..oder ;;ili..ili;;;
;;entwickeln ;;razvijati, razvijati;;;
;der;Entwickler;"<-s; Entwickler>";developer;;;
;die;Entwicklerin;"<Entwicklerin; -innen>";developerka;;;
;die;Entwicklung;"<Entwicklung; -en>";razvoj, razvitak, kretanje;;;
;die;Erdbeere;"<Erdbeere; -n>";jagoda;;;
;das;Erdgeschoss;"<-es; -e>";prizemlje;;;
;;erfahren;;iskusiti, doznati, saznati;Wann erfahren wir das Ergebnis der Prüfung.;;
;die;Erfahrung;"<Erfahrung; -en>";iskustvo;Ich habe zehn Jare Erfahrung in diesem Beruf;;
;der;Erfahrungsaustausch;"<-(e)s; -e>";razmjena iskustava;;;
;der;Erfolg;;uspjeh;;;
;;erfolglos;;neuspješan;;;
;;erfolgreich;;uspješan;;;
;;erforderlich ;;potreban, neophodan;;;
;;ergänzen;;popuniti;;;
;;ergeben ;;pokazati, odan, privržen;;;
;das;Ergebnis;;rezultat;;;
;;erhalten;;primiti, dobiti;;;
;;erhöchen;;povećati;;increase;
;die;Erholung;;odmor / oporavak;;;
;;sich erinnern;;sjetiti se, sjećati se, podsjetiti se;;;
;;erkältet;;prehlađen;Ich bin erkältet, daher kann ich heute nicht kommen.;to have a cold;
;die;Erkältung;;prehlada;;;
;die;Erkältungsmedizin;Erkältungsmedizin;lijekovi protiv prehlade;Wenn ich eine Erkältung habe, trinke ich Erkältungsmedizin.;cold medicine;When I have a cold I drink cold medicine.
;;erkennen;;shvatiti / prepoznati;;;
;;erklären ;;objasniti, rastumačiti, razjasniti, obrazložiti;Kannst du das mir erklären?;;
;die;Erklärung;;objašnjenje;Die Erklärung ist klar.;explanation;
;das;Erklärungsformular;-(e)s -e;deklaracijski obrazac;Bevor ich nach Amerika geflogen bin, musste ich auch ein Erklärungsformular ausfühlen beim amerikanischen Konsulat.;declaration form;Before I went to the USA I had to fill out a declaration form at the American consulate.
;;erkunden ;;izvidjeti;;;
;;erlauben;;dozvoliti, dopustiti;;;
;die;Erlaubnis;"<Erlaubnis; -(se)>";dozvola;;;
;das;Erlebnis;;doživljaj;;;
;;erledigen;;urediti;;;
;;erlich;;iskren;;;
;der;Ermittler;"<-s; Ermittler>";ispitivač, istražitelj;;;
;die;Ermittlerin;"<Ermittlerin; -innen>";ispitivačica, istražiteljica;;;
;;ermöglichen ;;omogućiti;;;
;;ernst;;ozbiljan;;;
;;erprobte ;;oproban, iskušan, provjeren, dokazan;;;
;;erreichen ;;doseći, dosegnuti, dostići, dostignuti;;;
;;erst;;tek;Der nächste Zug geht erst in zwei Stunden.;only/just;
;die;Erstellung;"<Erstellung; kein pl>";konstrukcija, provizija, kreacija;;;
;;erwachsene;;odrastao;;;
;;erwarten;;očekivati;;;
;;erwirken ;;isposlovati, ishoditi;;;
;;erwischen;;uloviti;;;
;;erzählen;;ispričati;Ich muss dir etwas erzählen. Frau Wulpesco, erzählen Sie doch mal etwas über sich.;tell;
;;erzielen ;;postići, ostvariti;;;
;;es freut mich!;;to me raduje;;;
;;es gibt;;ima / nalazi se;;;
;;essen;;jesti;Was isst du zum frühstück? Hast du schon gegessen? Nein, ich werde gleich essen.;eat;
;das;Essen;"<-s; Essen>";jelo, obrok;;;
;;etwa;;otprilike / oko;Mann muss den Reis etwa 20 Minuten kochen.;;
;;etwas;;nešto;Hat er etwas verloren?;;
;;eventuell;;možda / eventualno;;;
;der;Expansionskurs;;smijer proširenja;;;
;;fachlich;;stručan, stručni;;;
;;fachlich ;;stručni;;;
;;fahren;;voziti;;;
;die;Fahrkarte;;karta za vožnju;;;
;das;Fahrrad;"-(e)s; Fahrräder>";bicikl;;;
;der;Fahrstuhl;;lift;;;
;das;Fahrzeug;"<-(e)s; -e>";vozilo;;;
;der;Fahrzeugführer;;vozač;;;
;die;Fahrzeugindustrie;"<Fahrzeugindustrie; -n>";industrija vozila;;;
;der;Fall;;slučaj / situacija;Auf jeden Fall komm mit mir. In diesem Fall bin ich schuldig.;;
;;fallen;;pasti;Die Temperatur ist ganz plötzlich unter null gefallen.;;
;;falsch;;pogrešno;Du hast es falsch gemacht.;wrong;
;die;Familie;;obitelj;Ich denke oft an meine Familie.;family;
;die;Farbe;"<Farbe; -n>";boja;;;
;das;Farbmuster;"<-s; Farbmuster>";uzorak boje;;;
;;fast;;skoro;Ich habe fast alle verstanden.;;
;;faul;;lijen;Ich mag nicht lernen, ich bin faul.;lazy;
;;fehlen;;nedostajati, faliti, izostati;;;
;der;Fehler;;greška;Ich glaube, das haben Sie einen Fehler gemacht.;error/mistake/fault;
;die;Fehlerbehebung;;otklanjanje grešaka, troubleshooting;;;
;das;Feld;-(e)s -er;polje;Die Felder im Sommer sind sehr grün.;field;The fields in the Summer are very green.
;das;Fenster;"<-s; Fenster>";prozor;Ich sitze neben der Fenster.;window;
;die;Ferien;;praznici;Ich habe noch drei Tage Ferien.;holidays;
;der;Fernseher;-(e)s Fernseher;televizor;Im Fersnseher lauffen gute filme. Ich sehe gern fern, aber wir haben keinen Fernseher zu Hause.;television;On television there are good movies.
;;fertig;;gotov, završen;;;
;die;Festnahme;"<Festnahme; -n>";hapšenje;;;
;;feucht;;vlažan/mokrar;Die Wäsche ist noch feucht.;wet;
;das;Feuer;;vatra;;;
;;feuern ;;paliti, zapaliti;;;
;das;Fieber;-s;groznica, temperatura;Wenn man Fieber hat, sollte man direkt zum Arzt gehen.;fever;When you have fever, you should go to the doctor right away.
;der;Film;;film;Meine Freunde denken, der Film is besser als Buch;;
;;finden;;pronaći;Eine Wohnun zu finden, kostet viel Zeit.;find;
;die;Firma;"<Firma; -men>";firma, tvrtka;;;
;der;Fisch;"<-(e)s; -e>";riba;Ich mag Fisch essen.;;
;;flach;;ravan;Der Strand ist ganz flach.;flat;The beach is all flat.
;die;Fläche;"<Fläche; -n>";površina;;;
;die;Flasche;-, en;boca;Die Flasche ist auf dem Tisch.;bottle;The bottle is on the table.
;das;Fleisch;<-(e)s>;meso;;;
;;fleißig;;vrijedan/radišan;Mein Sohn war am Anfang in der Schule sehr fleißig.;diligent;
;die;Flexibilität;<Flexibilität>;fleksibilnost, gipkost;;;
;;fliegen ;;letjeti, biti otpušten;;;
;der;Flug;"<-(e)s; Flüge>";let;;;
;der;Flughafen;" <-s; Flughäfen>";zračna luka;;;
;die;Flugnummer;"<Flugnummer; -n>";broj leta;;;
;der;Flugschalter;"<-s; Flugschalter>";šalter na aerodromu;;;
;der;Flugsteig;<-e>;ulaz u avion, avio-most;;;
;das;Flugzeug;"<-(e)s; -e>";zrakoplov, avion;;;
;der;Fluss;-es Flüsse;rijeka;Einer der berühmtesten Flüsse in Deutschland ist der Rhein.;river;One of the most famous rivers in Germany is the Rhine.
;;folgen;;slijediti/pratiti;;;
;;folgend;;sljedeći;;;
;die;Forschung;"<Forschung; -en>";istraživanje;;;
;die;Forschungs- und Entwicklungsabteilung;"<Abteilung; -en>";odjel za istraživanje i razvoj, R&D odjel;;;
;der;Fortschritt;"<-(e)s; -e>";napredak, progress;;;
;das;Foto;"<-s; -s>";fotografija;;;
;;fotografieren;;fotografirati;;;
;die;Frage;"<Frage; -n>";pitanje;;;
;;fragen;;pitati;Warum fragen Sie das?;ask;
;die;Frau;;žena;Seine Frau hat eine Affäre.;woman;
;;frei;;slobodan;Haben Sie viel freie Zeit?;free;
;die;Freizeit;;slobodno vrijeme;;;
;;fremd;;strani;;;
;der;Fremndenführer;-s Fremdenführer;turistički vodič;Viele Museen haben einen Fremdenführer oder Fremndenführerin.;tour guide;A lot of museums have tour guides.
;die;Freude;;radost;Diese Arbeit mach mir viele Freude.;;
;der;Freund;;prijatelj/dečko;Hast tu Freunde?;friend/boyfriend;
;die;Freundin;;prijateljica/djevojka;Hast du deine Freundin eingeladen?;friend/girlfriend;
;;freundlich;;ljubazan/druželjubiv;Er hat uns sehr freundlich begrüßt.;friendly;
;;frisch;;svjež;;;
;;froh;;veseo, radostan;Ich bin froh, dass alles so gut geklappt hat.;happy;
;die;Frucht;"<Frucht; Früchte>";plod, rod, voćka, žito, uspjeh;;;
;;früh;;rano;Es ist zu früh;early;
;der;Frühling;;proljeće;Mein Lieblingsjahreszeit ist Frühling.;spring;
;das;Frühstück;"<-s; -e>";doručak;Mein Bruder isst viel zum Frühstück. Das Frühstück ist noch nicht fertig.;;
;;frühstücken ;;doručkovati;;;
;;führen ;;voditi, upravljati, rukovati, rukovoditi;;;
;;füllen;;osjetiti, osjećati;;;
;;furchtbar;;strašan;;;
;der;Fuß;;noga/stopalo;Er hat sich geargärnt, weil ich ihm auf den Fuß getreten bin.;leg/foot;
;der;Fußball;;nogomet;Die Kinder spielen Fußball.;football/soccer;
;die;Gabel;;vilica;;;
;;gängig ;;trenutno, uobičajeno, izvedivo, moguće;;;
;;ganz;;sasvim/ cijel;;;
;der;Garten;;vrt;Wir haben einen schönen großen Garten. Wir haben zwei Bäume im Garten.;garden;
;der;Gartenarbeiter;"<-s; Gartenarbeiter>";vrtlar;;;
;die;Gartenarbeiterin;"<Gartenarbeiterin; -innen>";vrtlarica;;;
;der;Gartenbetrieb;"<-(e)s; -e>";vrtlarska firma;;;
;der;Gärtner;"<-s; Gärtner>";vrtlar;;;
;die;Gärtnerei;"<Gärtnerei; -en>";vrtlarija, firma koja se bavi okolišnim uređenjem;;;
;die;Gärtnerin;"<Gärtnerin; -innen>";vrtlarica;;;
;der;Gast;"<-es; Gäste>";gost;;;
;das;Gebäude;;zgrada;;;
;;geben;;dati;;;
;;geboren;;rođen;;;
;der;Geburtstag;;rođendan;Heute ist sein Geburtstag. Er hat zum Geburtstag einen neuen Ball bekommen.;birthday;
;die;Geduld;;strplenje;;;
;;geduldig ;;strpljiv;;;
;/;gefallen;;svidjati se;Gefällt es dir hier?;;
;;gefärlich;;opasno;;;
;;geführt ;;vođen, upravljan;;;
;;gegen;;protiv/oko;;;
;der;Gegenstand;"<-(e)s; Gegenstände>";predmet;;;
;das;Gegenteil;;suprotnost;;;
;;gegenüber;;preko puta/nasuprot;;;
;die;Gegenwart;;sadašnjost;;;
;der;Gehalt;"<-(e)s; -e>";sadržaj, sadržina;;;
;das;Gehalt;"<-(e)s; Gehälter>";plaća;Bei keinem Job der Welt bekommt man mehr Gehalt, wenn man mehr Kinder hat.;;
;das;Geheimnis;;tajna;;;
;;gehören ;;pripasti, spadati, pripadati;;;
;;gelaunt;;raspoložen;;;
;;gelb;;žut;Es ist ein kleines gelbes Buch.;yellow;
;das;Geld;;novac;Ich verdiene viel Geld. Ich habe kein Geld bei mir.;money;
;die;Gelegenheit;;prilika;;;
;;gemeinsam;;zajedno;;;
;die;Gemeinschaft;;zajednica;;;
;das;Gemüse;"<-(e)s; Gemüse>";povrće;;;
;;gemütlich;;prijatan;;;
;;genau;;točno/upravo tako;Die Uhr geht genau.;exactly;
;;genug;;dovoljno/dosta;Das ist genug.;enough;
;die;Genussmittelindustrie;"<Genussmittelindustrie; -n>";industrija luksuzne hrane;;;
;die;Geografie;<Geografie>;geografija, zemljopis;;;
;das;Gepäck;<-(e)s> ;prtljaga;;;
;das;Gerät;"<-(e)s; -e>";uređaj, pribor, naprava;;;
;;gern;;rado;Trinken Sie gern Kaffee?;gladly;
;die;Gesamtbevölkerung;"<Gesamtbevölkerung; -en>";ukupna populacija, stanovništvno;;;
;das;Geschäft;;radnja/prodavaonica;;;
;der;Geschäftskunde;"<-n; -n>";poslovni klijent;;;
;;geschäftskundig ;;iskusan/vješt u poslu;;;
;der;Geschäftsprozess;"<-es; -e>";poslovni proces;;;
;der;Geschäftsvorfall;<Geschäftsvorfälle>;poslovni događaj, poslovni event (poruka), transakcija;;;
;;geschlossen;;zatvoren;Unser Büro bleibt samstags geschlossen.;closed;
;die;Geschwindigkeitsbegrenzung;;ograničenje brzine;;;
;die;Geschwindigkeitsbeschränkung;;ograničenje brzine;;;
;die;Geschwister;;braća i sestre;Ich habe zwei Geschwister, einen bruder und eine Schwester.;brothers and sisters;
;die;Gesellschaft;"<Gesellschaft; -en>";društvo;;;
;das;Gesetz;"<-es; -e>";zakon;;;
;das;Gesicht;;lice;;;
;das;Gespräch;"<-(e)s; -e>";razgovor;;;
;;gestalten ;;načiniti, uobličiti, oblikovati, razviti;;;
;;gestern;;jučer;Mit wem hast du gestern das Spiel gesehen?;yesterday;
;;gestorben;;umro;;;
;die;Gesundheit;<Gesundheit>;zdravlje;;;
;der;Gesundheitsverbund;"<-(e)s; Gesundheitsverbünde>";zdravstvena mreža;;;
;das;Getränk;;piće;;;
;;getrennt ;;odvojen, razdvojen;;;
;;gewinnen;;pobjediti;;;
;die;Gewohnheit;;navika;;;
;;gewöhnlich;;obično;Die Kleider waren billiger und besser als gewöhnlich.;;
;das;Glas;-es, Gläser;čaša;Mein Glas ist leer.;glass;My glass is empty.
;;glauben;;vjerovati, misliti;;;
;;gleich ;;jednak, isti, odmah, ravan;Es ist zu leicht. Ich habee es gleich gelernt.;;
;;gleichwertig ;;jednako vrijedan;;;
;;gleitend ;;klizni, klizno;;;
;die;Gleitzeit;"<Gleitzeit; -en>";klizno radno vrijeme;;;
;das;Glück;e(s);sreća;Ich wünsche dir viel Glück.;fortune/luck;I wish you luck.
;;glücklich;;sretan;Ich bin so glücklich heute und ich werde dich küssen.;lucky/happy;I’m so happy today and I will kiss you.
;;groß;;velik;Die Tasche ist groß, ich kann sie nicht tragen.;big;
;das;Großaufgebot;"<-(e)s; -e>";velika združena akcija;;;
;die;Großeltern;;baka i dida;;;
;die;Großmutter;;baka;;;
;der;Großraum;;šire područje (grada);Im Großraum Wien leben etwa 3 Millionen Menschen.;;
;die;Grünanlage;"<Grünanlage; -n>";travnjak, zelena površina;;;
;der;Gruß;;pozdrav;;;
;;gucken;;gledati;;;
;;günstig;;povoljan;Im Supermarkt kauft man sehr günstig ein.;favorable;
;der;Gutschein;"<-(e)s; -e>";bon, kupon;;;
;die;Haare;;kosa;;;
;der;Haftbefehl;"<-(e)s; -e>";nalog za hapšenje;;;
;;halb;;pola;;;
;;halten;;zaustaviti se / držati;;;
;die;Haltestelle;;stanica;;;
;die;Hand;;ruka;Was hast du in deiner Hand?;hand;
;;handeln ;;trgovati, postupati;;;
;der;Händler;"<-s; Händler>";trgovac, prodavač;;;
;die;Händlerin;"<Händlerin; -innen>";trgovkinja, prodavačica;;;
;das;Handwerk;"<-(e)s; -e>";zanat, obrt;;;
;das;Handy;;mobitel;;;
;;hängen;;visiti;;;
;;hart;;tvrd;;;
;;hassen;;mrziti;;;
;;hässlich;;ružno;;;
;;häufig;;često;;;
;;hauptsächlich ;;uglavnom;;;
;die;Hauptstadt;;glavni grad;;;
;das;Haus;;kuća;Ist das sein Haus. Ich denke, dass sein Haus klein ist.;house;
;die;Hausaufgabe;;domaća zadaća;Die Lehrerin hat heute viele Hausaufgaben gegeben.;homework;
;das;Heft;;bilježnica;Ich schreibe in meinem Heft. Mein Heft ist under dem Buch.;notebook;
;;heiraten;;vjenčati se;;;
;;heiß;;vruć;Es ist heiß hier im Sommer.;hot;
;;heißen;;zvati se;Wie heißt du?;be named/be called;
;;heizen;;grijati;;;
;die;Heizung;;grijanje;;;
;;helfen;;pomoći;Kann ich Ihnen veilleicht helfen?;help;
;;hell;;svijetao;Es ist nicht hell genug, um ohne Lampe zu lesen.;light;
;das;Hemd;;košulja;Nikolas trägt heute en weißes Hemd;shirt;
;;herausfordernd ;;izazovan;;;
;der;Herbst;;jesen;Anne kommt im Herbst in die Schule.;Autumn/fall;
;der;Herr;;gospodin;Wer ist dieser Herr?;mistter;
;;herrlich;;izvrstan;;;
;;herrschen ;;vladati;;;
;;herstellen;;izraditi, proizvoditi, producirati;;;
;der;Hersteller;"<-s; Hersteller>";proizvođač, izrađivač;;;
;;hervorragend;;odlično;;;
;;herzlich;;srdačan;;;
;;heute;;danas;Heute ist mein Geburtstag.;today;
;;hier;;ovdje;Spricht hier jemand Deutsch?;here;
;;hierarchisch ;;hijerarhijski;;;
;die;Hilfe;"<Hilfe; -n>";pomoć, asistencija;;;
;;hinten;;iza;Hinten in unserem Haus haben wir einen schönen Garten.;at the back;At the back of our house we have a beautiful garden.
;der;Hintergrund;"<-(e)s; Hintergründe>";pozadina;;;
;;hinzu ;;uz to, k tomu;;;
;;hoch;;visok;Nikolas ist ein hoch Mann.;tall;
;die;Höchstgeschwindigkeit;;najveća dozvoljena brzina;;;
;;hoffen;;nadati se;Ich hoffe, bald am Strand zu liegen.;;
;;hoffentlich;;nadajmo se / nadam se;;;
;;holen;;donjeti;;;
;das;Holz;"<-es; Hölzer>";drvo, trupac;;;
;der;Holzteil;"<-(e)s; -e>";komad drveta;;;
;;hören;;slušati/čuti;Sie hat keine Musik gehört. Es tut mir leid, das zu hören.;hear/listen;
;die;Hose;"<Hose; -n>";hlače;Zieh doch einfach eine Hose und eine Bluse an.;;
;das;Hotel;"<-s; -s>";hotel;;;
;;hübsch;;lijep;;;
;der;Hügel;-s Hügel;brežuljak;In Deutschland gibt es sehr viele Hügel, hab ich das Gefühl.;hill;I have a feeling that in Germany there are so many hills.
;das;Huhn;"<-(e)s; Hühner>";kokoš;;;
;der;Hund;e(s), -e;pas;Er behandelt seinen Angestellten wie einen Hund.;dog;He treats his employee like a dog.
;der;Hunger;;glad;Ich habe Hunger.;hunger;
;;hungrig;;gladan;Bist du hungrig?;hungry;
;der;Hustensaft;-(e)s Hustensäfte;sirup za kašalj;Als ich klein war habe ich gerne Hustensaft getrunken.;cough syrup;When I was a child I used to like cough syrup.
;der;Hut;;šešir;;;
;;idealerweise ;;idealno;;;
;die;Idee;;ideja;;;
;;im Durchschnitt;;u prosjeku;;;
;;immer;;uvijek;;;
;der;Impstoff;-(e)s -e;cjepivo;Als ich im Urlaub war ind vor dem Urlaub musste ich zum Arzt und ein Impfstoff verabreicht bekommen.;vaccine;Before I went to vacation I went to the doctor and had to get a vaccine.
;;in Ordnung;;u redu;;;
;;inbegriffen ;;uračunat;;;
;die;Industrie;"<Industrie; -n>";industrija;;;
;der;Industriezweig;"<-(e)s; -e>";grana industrije;;;
;die;Information;"<Information; -en>";informacija;;;
;;innerhalb ;;unutar, u roku od;;;
;;innovativ ;;inovativan;;;
;;Insbesondere ;;osobito, naročito;;;
;die;Insel;"<Insel; -n>";otok;;;
;;interessant;;interesantno;;;
;das;Internet;"<-s; -s>";Internet;;;
;;inzwischen;;u međuvremenu;;;
;;irgendwelche ;;neki, ikakav (any);;;
;die;Jacke;;jakna;;;
;das;Jahr;"<-(e)s; -e>";godina;;;
;die;Jahreszeit;;godišnje doba;;;
;;jährlich ;;godišnji;;;
;;je;;po;;;
;;jemals;;ikada;;;
;;jemand;;netko;;;
;;jetzt;;sada;Ich muss jetzt schlafen, weil morgen ich früh aufstehe.;now;
;;jeweilig ;;dotično, odnosno, ovisno, specifično, za vrijeme pitanja;;;
;der;Job;"<Jobs; Jobs>";posao;;;
;;jung;;mlad;;;
;der;Junge;;dječak;;;
;die;Jungend;;mladost;;;
;;jüngst;;nedavno;;recently;
;der;Jurist;;pravnik;;;
;der;Käfer;-s Käfer;buba;Als ich ein Kind war, habe ich öfter Käfer gesammelt.;beetle;When I was a child I collected beetles frequently.
;der;Kaffee;"<-s; -s>";kava;Der Kaffee ist stark. Willst du mit mir eine Kaffee trinken?;coffee;
;;kalt ;;hladan;;;
;der;Kandidat;"<-en; -en> ";kandidat;;;
;die;Kandidatin;"<Kandidatin; -innen>";kandidatkinja;;;
;;kaputt;;pokvaren;Der Fernseher ist gestern kaputt gegangen.;;
;die;Karotte;"<Karotte; -n>";mrkva;;;
;die;Karte;Karte -n;karta;Bevor ich die bahn nehme, muss ich eine Karte kaufen.;card;Before I take the train I have to buy a ticket.
;die;Kartoffel;"<Kartoffel; -n>";krumpir;;;
;der;Käse;"<-s; Käse>";sir;;;
;die;Katze;-, -n;mačka;Willst du denn die Katze im Sack kaufen?;cat;You don’t want to buy a pig in a poke, do you?
;;kaufen;;kupiti;Wo kann ich Tickets kaufen?;buy;
;;kaum;;tek, jedva;;;
;;kein;;nijedan;;;
;;keinmal;;nijednom;;;
;der;Kellner;;konobar;;;
;;kennen;;poznavati;;;
;;kennenlernen;;upoznati;;;
;;kennenzulernen ;;upoznati;;;
;die;Kenntnis;"<Kenntnis; -se>";znanje;;;
;die;Kernarbeitszeit;;osnovno radno vrijeme;;;
;die;Kernzeit;;osnovno radno vrijeme;;;
;das;Kilo;"<-s; Kilo>";kilogram;;;
;das;Kind;"<-(e)s; -er> ";dijete;;;
;das;Kino;;kino;Anne geht mit ihrer Schwester ins Kino.;movie theater;
;der;Kiosk;"<-(e)s; -e>";kiosk;;;
;die;Kirche;;crkva;;;
;die;Kirsche;"<Kirsche; -n>";višnja/trešnja;;;
;;klappen;;uspjeti;;;
;;klar;;jasan;;;
;;klein;;mali/nizak;Aber seine Wohnung ist ganz klein.;little/short;
;das;Kleingeld;;sitniš / sita novac;;;
;;klettern;;penjati se;;;
;das;Klima;"<-s; -s>";klima, podneblje;;;
;die;Klimaanlage;"<Klimaanlage; -n>";klima uređaj;;;
;;klingeln;;zvoniti;;;
;;klingen;;zvučati;;;
;;klug;;pametan;;;
;;knapp;;taman;;;
;der;Koch;;kuhar;Ein Freund von mir ist Koch in einem teuren Restaurant. Er ist kein Koch, aber kann wirklich gut kochen.;chef;
;;kochen;;kuhati;Kochst du gern?;cook;
;der;Koffer;"<-s; Koffer> ";kofer, kovčeg;;;
;der;Kollege;;kolega;Der Hund spielt jeden Tag mit seinen Kollegen im Park.;;
;die;Kollegin;;kolegica;;;
;die;Kombination;"<Kombination; -en>";kombinacija;;;
;;komisch;;čudan/smiješan;Das Essen schmeckt komisch. Probier mal.;;
;;kommen;;doći;Wann kommst du?;come;
;;können;;moći/znati;Ich kann ihr Buch nicht finden.;can;
;die;Konsumation;"<Konsumation; Konsumationen>";hrana i piće;;;
;der;Kontinent;"<-(e)s; -e>";kontinent;;;
;die;Kontrolle;"<Kontrolle; -n>";kontrola, provjera;;;
;das;Konzert;;koncert;;;
;der;Kopf;;glava;;;
;der;Kopfhörer;-s Kopförer;slušalice;Ich habe heute neue Kopfhörer gekauft.;Headphones;I bought new headphones today.
;die;Kopfschmerzen;pl;glavobolja;Wenn es regnet oder wenn es wolkig ist, kriege ich schnell Kopfschmerzen.;headache;I get headaches easily when it’s rainy or cloudy.
;die;Kopie;"<Kopie; -n>";kopija;;;
;der;Körper;"<-s; Körper>";tijelo;;;
;;korrigieren;;ispraviti;;;
;;kosten;;koštati;;;
;die;Kraft;;snaga;;;
;;kräftig;;jak;;;
;die;Krähe;Krähe -n;vrana;Krähen erinnern mich an düste Zeiten und Halloween.;crow;Crows remind me of dark times and Halloween.
;;krank;;bolestan;;;
;das;Krankenhaus;;bolnica;;;
;die;Krankenschwester ;;medicinska sestra;;;
;der;Krankenurlaub;;bolovanje;;;
;die;Kreditkarte;Kreditkarte -n;kreditna kartica;In Deutschland muss man 18 sein, um eine Kreditkarte zu bekommen.;Credit card;In Germany you have to be 18 to get a credit card.
;;kriegen;;dobiti;;;
;die;Küche;;kuhinja;Wo ist deine Mutter? Ich denke, dass sie in der Küche ist.;kitchen;
;der;Kuchen;;kolač;Julia macht einen Kuchen mit ihren Erdbeeren.;;
;der;Kühlschrank;-(e)s Kühlschränke;hladnjak;Der Kühlschrank in meiner Wohnung ist zurzeit leer.;refrigerator;The refrigerator in my apartment is very empty.
;der;Kunde;"<-n; -n>";mušterija, kupac;;;
;die;Kunst;;umjetnost;;;
;der;Künstler;;umjetnik;;;
;der;Kurs;;kurs;;;
;;kurz ;;kratak;Die Fahrt war kurz. Nur knapp eine Stunde.;;
;;kurz darauf ;;ubrzo nakon toga;;;
;;lachen;;smijati se;Bitte, lachen Sie nicht über meine Fehler.;laughing;
;der;Laden;;prodavaonica;Sie ist im Laden.;store;
;die;Ladung;"<Ladung; -en>";teret, tovar, naboj, punjenje;;;
;die;Lage;"<Lage; -n>";položaj, pozicija, stanje, lokacija, sloj;;;
;das;Land;"<-es; Länder>";država, zemlja;;;
;;landen ;;prizemljiti, spustiti, pristati;;;
;die;Landsleute;pl.;zemljaci, sunarodnjaci;;;
;;lang ;;dugačak, dug, dugo;;;
;;langsam;;polako;Sprechen Sie bitte langsam.;slow;
;;langweilig;;dosadno;;;
;;lassen ;;dati, pustiti, ostaviti;;;
;;laufen;;hodati/trčati;Du solltest nicht so oft den Aufzug nehmen, Treppen laufen ist gesund.;;
;;laufend ;;tekući;;;
;die;Laune;;raspoloženje;;;
;;laut;;glasan;;;
;;leben;;živjeti;;;
;das;Leben;"<-s; Leben>";život;Ich spiele abends mit meinen Eltern Videospiele.;;
;der;Lebenslauf;"<-(e)s; Lebensläufe>";životopis;;;
;die;Lebensmittel;;namirnice;;;
;;lebenswerten ;;vrijedan življenja;;;
;;lecker;;ukusno;;;
;;legen;;staviti/položiti;;;
;der;Lehrer;;učitelj;Worüber sprechen die Lehrer? Verstehest du den Lehrer?;teacher;
;die;Lehrerin;;učiteljica;Ist das unsere Lehrerin?;teacher;
;die;Lehrstunde;Lehrstunde -n;lekcija;Ich hoffe ihr habt Spaß bei dieser Lehrstunde.;lesson;I hope you have fun at this lesson.
;;leicht;;lagan;Es ist nicht leicht, bei diesem Arzt einen Termin zu bekommen.;easy;
;;leider;;nažalost;Ich habe leider kein Auto;unfortunately;
;;leihen;;pozajmiti / posuditi od;;;
;;leise;;tih;;;
;;leisten;;postići, ostvariti;;;
;die;Leistung;"<Leistung; -en>";učinak, uspjeh, snaga, dodaci;;;
;die;Lektion;;lekcija;Jeden Tag lerne ich eine neue Lektion.;lesson;
;;lernen;;učiti;Ich habe in der Schule nicht viel gelernt.;to learn;At school I didn’t study that much.
;;lernfreudig ;;željan učenja;;;
;;lesen;;čitati;Was lesen Sie, wenn Sie Freizeit haben?;read;
;;letzte;;posljednji;;;
;die;Leute;;ljudi;Morgen, Morgen, nur nicht heute, sagen alle faulen Leute.;people;
;das;Licht;;svjetlo;;;
;;lieben;;voljeti;;;
;;liebenswerten ;;primamljiv, srdačan, ugodan;;;
;;lieber ;;radije;;;
;das;Lied;;pjesma;Kannst du dieses Lied singen?;song;
;der;Liefernachweis;"<-es; -e>";dokaz o dostavi, dostavnica, PoD;;;
;;liegen;;ležati;;;
;;links;;lijevo;Wenn du nach links gehst dann siehst du auf der linken Seite das Büro.;left;When you go to the left, you will see the office on the left side.
;die;Liste;"<Liste; -n>";popis, lista;;;
;der;Löffel;;žlica;;;
;das;Lokal;"<-s; -e>";gostiona, restoran, lokal;;;
;;lösen ;;riješiti;;;
;die;Lösung;"<Lösung; -en>";rješenje, rezolucija, otopina, rastvor;;;
;die;Luft;;zrak;;;
;die;Lust;"<Lust; Lüste>";želja, volja, pohlepa;Ich habe keine Lust zu essen.;;
;;lustig;;veseo;;;
;;machen;;raditi;;;
;das;Mädchen;;djevojka;Das Mädchen ist in der Park. Kennst du dieses Mädchen?;girl;
;der;Magistrat;"<Magistrat(e)s; Magistrate>";gradski vijećnik (m);;;
;die;Magistratin;"<Magistratin; Magistratinnen>";gradski vijećnik (ž);;;
;die;Magistratsabteilung;"<Magistratsabteilung; -en>";odsjek za gradsku upravu;;;
;;mähen;;kositi, pokositi;;;
;das;Mal;;put (ne u smislu staza);;;
;das;Management;"<-s; -s>";menadžment;;;
;;manchmal;;ponekad;Manchmal gege ich mit meine Frau ins Café;;
;der;Mann;"<-(e)s; Männer>";muškarac;;;
;der;Mantel;;mantil/kaput;;;
;der;Marienkäfer;-s Marienkäfer;bubamara;Marienkäfer sind normalerwiese rot und haben weiße Punkte.;ladybug;Ladybugs are usually red and have white dots.
;der;Markt;"<-(e)s; Märkte>";tržište, sajam;;;
;die;Marktentwicklung;"<Marktentwicklung; -en>";kretanje tržišta;;;
;;marktkonform ;;usklađen s tržištem;;;
;die;Marmelade;;marmelada;;;
;die;Maschine;"<Maschine; Maschinen>";stroj, mašina;;;
;das;Maßband;Maßbänder;mjerna vrpca;Als ich mein Zimmeer umdekoriert habe, musste ich alles mit einem Maßband ausmessen.;tape measure;When I redecorated my room I had to measure everything with the tape measure.
;die;Masse;"<Masse; -n>";masa, mnoštvo;;;
;der;Maurer;"<-s; Maurer>";zidar;;;
;der;Medienbericht;"<-(e)s; -e>";medijski izvještaj, medijsko obraćanje;;;
;das;Medikament;-(e)s -e;lijek;Immer wenn ich im Urlaub bin, habe ich kleine Päcken Medikamente dabei.;medicine;Whenever I am traveling, I always have this medicine kit with me.
;das;Meer;"<-es; -e> ";more;;;
;das;Mehl;"<-(e)s; -e>";brašno;;;
;;mehr;;više;Haben Sie heute mehr Arbeit als gewönlich?;;
;;mehrjährig ;;višegodišnji;;;
;die;Mehrleistung;;dodatak na plaću, bonus, povišica;;;
;;meinen ;;misliti, smatrati;;;
;die;Meinung;"<Meinung; -en>";mišljenje;Ganz meine Meinung.;;
;;meiste ;;većina;;;
;;meistens;;najčešće;;;
;;melden;;obavijestiti;;;
;der;Mensch;"<Menschen; Menschen>";čovjek;Er ist ein erlicher Mensch.;;
;die;Mentalität;"<Mentalität; Mentalitäten>";mentalitet, način razmišljanja;;;
;;merken;;opaziti, uočiti;;;
;die;Messe;"<Messe; -n>";sajam, misa, liturgija;;;
;das;Messer;;nož;;;
;die;Mietbeihilfe;;pomoć za stanarinu;Die Wiener Wohnbeihilfe/Mietbehilfe ist eine Wohnunterstützungsleistung für alle Wiener(innen), die ein Einkommen in Höhe des Richtsatzes beziehungsweise über dem Richtsatz haben.;;
;der;Mieter;"<-s; Mieter>";stanar;;;
;die;Mieterin;"<Mieterin; -innen>";stanarka;;;
;der;Migrationshintergrund;"<-(e)s; Migrationshintergründe>";doseljenička pozadina;;;
;das;Mikrofon;-s -e;mikrofon;Als ich gestern in einer Karaokebar war, ist das Mikrofon ausgegangen zum Glück anderer.;Microphone;Yesterday, when I was at a karaoke bar, the microphone went silent, so that it was good for the listeners.
;die;Milch;<Milch>;mlijeko;;;
;die;Million;"<Million; -en>";milijun;;;
;das;Mindestgehalt;"<-(e)s; Mindestehälter>";početna plaća;;;
;die;Mindestsicherung;;minimalna zajamčena naknada / socijalna pomoć;;;
;die;Minute;;minuta;;;
;die;Mission;"<Mission; -en>";misija;;;
;der;Mitarbeiter;"<-s; Mitarbeiter>";suradnik, kolega s posla;;;
;die;Mitarbeiterin;"<Mitarbeiterin; -innen>";suradnica, kolegica s posla;;;
;;miterleben ;;doživjeti;;;
;;mitfahren;;povesti se s nekim;;;
;;mitkommen;;doći s nekim;;;
;;mitnehmen;;uzeti sa sobom;;;
;der;Mittag;;podne;Ich schlafe immer bis Mittag.;noon;
;das;Mittagessen;;ručak;;;
;das;Mitteleuropa;<-s>;Srednja Europa;;;
;;mitteleuropäisch ;;srednjoeuropski;;;
;die;Mittelmeerinsel;"<Mittelmeerinsel; -n> ";mediteranski otok;;;
;der;Mittelpunkt;"<-(e)s; -e>";središte, srž;;;
;;mittlerweile ;;u međuvremenu;;;
;/;Möbel;pl.;namještaj;Wir haben uns neue Möbel angeschafft.;;
;;mobil ;;mobilan, pokretan;;;
;;möchten;;željeti;Ich mochte ihm helfen aber ich konnte das nicht.;want;
;das;Modell;"<-s; -e>";model, uzorak;;;
;;modern;;moderno;;;
;;möglich ;;moguć;;;
;die;Möglichkeit;"<Möglichkeit; -en>";mogućnost;;;
;der;Moment;;trenutak;;;
;der;Monat;"<-(e)s; -e>";mjesec;;;
;;monatlich ;;mjesečno;;;
;der;Monitor;-s -e;monitor;Der Monitor zeigt die Farben in sehr guter Qualität.;Monitor;The monitor shows the colors in a very good quality.
;;morgen;;sutra;Morgen machen wir einen Ausflug.;tomorrow;
;der;Morgen;;jutro;Guten Morgen!;morning;
;die;Möwe;Möwe -n;galeb;Ja an der Ostsee in Deutschland gibt es viele Möwen.;seagull;At the Baltic Sea in Germany there are a lot of seagulls.
;die;Mücke;Mücke -n;komarac;So also Mücken saugen Blut.;mosquito;Mosquitoes suck blood.
;;müde;;umoran;Ich bin sehr müde.;tired;
;der;Mund;;usta;;;
;die;Musik;;muzika;Hörst du gern Musik. War die Musik laut?;music;
;;müssen;;morati;;;
;das;Muster;"<-s; Muster>";uzorak;;;
;der;Mut;<-(e)s>;hrabrost, odvažnost;;;
;;mutig;;hrabar;;;
;;mutmaßlich ;;moguć, potencijalnan, vjerojatan;;;
;;nach;;u/za/prema/poslije;;;
;der;Nachbar;"<-n; -n>";susjed;;;
;die;Nachbarin;"<Nachbarin; -innen>";susjeda;;;
;das;Nachbarland;"<-es; Nachbarländer>";susjedna država;;;
;;nachhaltig ;;trajan, postojan;;;
;;nachher;;nakon toga;Wir können nachher schwimmen gehen.;afterewards;
;der;Nachmittag;.;popodne;Was machst du normalerweise am Nachmittag?;afternoon;What do you usually do in the afternoon?
;die;Nachricht;;vijest;Hast du die Nachrichten gehört?;news;
;;nachschauen ;;pogledati, provjeriti;;;
;;nächst;;sljedeći;;;
;die;Nacht;-, Nächte;noć;Ich seche manchmal in der Nacht Fern.;night;Sometimes I’m watching TV at night.
;der;Nachtisch;"<-(e)s; -e>";desert;;;
;der;Nachweis;"<-es; -e>";dokaz;;;
;die;Nähe;;blizina;;;
;die;Nahrung;<Nahrung>;hrana;;;
;das;Nahrungsmittel;"<-s; Nahrungsmittel>";prehrambena namirnica;;;
;der;Name;-ns -n;ime;Was ist dein Name?;name;What is your name?
;;nämlich;;naime;;;
;die;Nase;;nos;;;
;die;Nationalität;Nationalität -en;nacionalnost;Meine Nationalität ist Deutsch.;nationality;My nationality is German.
;;natürlich;;naravno;Sie können natürlich kommen.;of course;
;;neben;;pored;;;
;;nehmen;;uzeti;;;
;;nein;;ne;;;
;;nennen ;;nazvati, prozvati;;;
;;nett ;;prijatan/dobar/lijep;Mein neuer Kollege ist sehr nett.;;
;;neu;;nov;;;
;das;Nichtstun;;nerad;4.600 € fürs Nichtstun – riesiger Skandal;;
;;nie;;nikada;Ich trinke nie Wein.;never;
;;Niederschläge ;;oborine;;;
;;niedrig;;nizak;;;
;;niemand;;nitko;;;
;;noch;;još;;;
;der;Norden;-s;sjever;Im Norden Deutschlands liegt eine meiner Lieblingsstädte, Hamburg.;north;In the north Germany is one of my favorite cities, Hamburg.
;;nötig;;potreban;Meistens ist es nötig, ein Jahr zu warten.;;
;die;Nummer;"<Nummer; -n>";broj, veličina;;;
;;nur;;samo;ich kann nur kurz bleiben.;just;
;der;Nutzen;<-s>;korist, dobit, dobrobit;;;
;;nützlich;;korisno;Ist es nützlich?;useful;
;die;Nutzung;"<Nutzung; -en>";korištenje;;;
;das;Obst;<-(e)s>;voće;;;
;das;Obstregal;"<-s; -e>";polica sa voćem;;;
;der;Obstsalat;"<-(e)s; -e>";voćna salata;;;
;;obwohl;;iako;;;
;;oder ;;ili;;;
;der;Ofen;-s Öfen;pećnica;In Deutschland benutzt man für sehr viele Gerichte den Ofen.;oven;In Germany the oven is used for a lot of meals.
;;offenbar ;;očito, očigledno;;;
;;öffentlich;;javno;;;
;;öffentlichkeitsrelevant ;;od javnog značaja;;;
;;öffnen;;otvoriti;;;
;;oft;;često;;;
;;ohne;;bez;;;
;der;Onkel;;stric;;;
;die;Ordnung;;red;;;
;;orientiert ;;orijentiran;;;
;der;Ort;;mjesto;;;
;der;Osten;;istok;;;
;das;Paar;;par/nekoliko;Kann ich dich ein Paar Äpfel geben?;pair/few;
;;packen;;spakovati;;;
;die;Packung;"<Packung; -en>";kutija, pakovanje;;;
;das;Papier;"<-s; -e>";papir;;;
;der;Parameter;"<Parameters; Parameter>";parametar;;;
;;parken;;parkirati;;;
;die;Party;;zabava;;;
;der;Passagier;"<-s; -e>";putnik;;;
;;passen;;pasati, odgovarati, pristajati;;;
;;passieren ;;dogoditi se;;;
;die;Pause;;pauza;;;
;die;Person;"<Person; -en>";osoba, lice;;;
;der;Personalchef;"<-s; -s>";šef osoblja;;;
;die;Personalchefin;"<Chefin; -nen>";šefica osoblja;;;
;;persönlich ;;osobno, privatno;;;
;die;Persönlichkeit;"<Persönlichkeit; -en>";ličnost, osobnost;;;
;der;Pfau;-s .en;paun;Der Pfau hat sehr schöne Federn, die Farben sind sehr schön.;peacock;The peacock has very beautiful feathers, the colors are very beautiful.
;das;Pferd;;konj;;;
;die;Pflanze;"<Pflanze; -n>";biljka;;;
;;pflegen;;njegovati, gajiti, održavati;;;
;die;Phase;"<Phase; Phasen>";faza, etapa;;;
;der;Pilz;"<-es; -e>";gljiva;;;
;der;Plan;"<-(e)s; Pläne>";plan, nacrt, namjera, raspored;;;
;die;Planung;"<Planung; -en>";planiranje;;;
;der;Platz;;trg/mjesto;;;
;der;Platz;"<-es; Plätze>";mjesto, trg;;;
;;plötzlich;;iznenada;;;
;der;Polier;"<-s; -e>";poslovođa;;;
;die;Polierin;"<Polierin; -innen>";poslovotkinja;;;
;die;Polizei;<Polizei>;policija;;;
;;polnisch ;;poljski (Poljska);;;
;die;Portion;;porcija;;;
;die;Position;"<Position; Positionen>";pozicija;;;
;die;Post;;pošta;Ich gege zur Post. Ist die Post weit von hier?;Post;
;;prägen ;;stvoriti, kovati;;;
;das;Praktikum;"<Praktikums; Praktika>";praksa, praktična nastava;;;
;der;Preis;"<-es; -e>";cijena, nagrada;;;
;;prima;;odlično;;;
;;privat;;privatan;;;
;das;Problem;"<-s; -e>";problem;;;
;das;Produkt;"<-(e)s; -e>";proizvod, produkt, umnožak;;;
;das;Profil;"<-(e)s; -e>";profil;;;
;die;Programmiersprache;"<Programmiersprache; -n>";programski jezik;;;
;das;Projekt;"<-(e)s; -e>";projekt;;;
;der;Projektbericht;"<-(e)s; -e>";projektno izvješće;;;
;die;Projektplanung;"<Projektplanung; -en>";projektno planiranje;;;
;der;Prospekt;"<-(e)s; -e>";prospekt, brošura;;;
;der;Prozess;"<-es; -e>";proces, parnica;;;
;die;Prüfung ;;ispit;;;
;der;Punkt;;točka / mjesto okupljnanja;;;
;;pünktlich;;točan/precizan;Sie muss pünktlich kommen. Sei bitte pünktlich.;punctual/precise;
;die;Puppe;;lutka;;;
;;putzen;;čistiti;Kann ich dein Zimmer putzen?;clean;
;der;Quadratmeter;;kvadratni metar;;;
;die;Qualifikation;"<Qualifikation; -en>";kvalifikacija, osposobljenje;;;
;die;Qualifikation;"<Qualifikation; -en>";kvalifikacija, osposobljenje;;;
;die;Qualität;"<Qualität; -en>";kvaliteta, kakvoća;;;
;die;Quarantäne;Quarantäne -n;karantena;Mein Hund musste zwei Wochen in Quarantine.;quarantine;My dog had to go in quarantine for two weeks.
;;radeln;;biciklirati, ići biciklom;;;
;der;Rasen;"<-s; Rasen>";travnjak, ledina;;;
;;rash ;;brzo, hitro, brz, hitar;;;
;;sich rasieren;;brijati se;;;
;der;Rat;;savjet;;;
;;raten;;savjetovati;;;
;;rauchen;;pušiti;;;
;;räumen ;;napustiti, deložirati, odstraniti;;;
;;rechnen;;računati;;;
;die;Rechnung;"<Rechnung; -en>";račun;;;
;;recht haben;;imati pravo/biti u pravu;;;
;;rechts;;desno;;;
;das;Regal;"<-s; -e>";polica;;;
;die;Regel;"<Regel; -n>";pravilo;;;
;;regelmäßig;;redovno;;;
;die;Region;<Regionen>;regija, kraj, okrug, okružje područje;;;
;;regnen;;kišiti;;;
;;reibungslos ;;bez zapreke;;;
;;reich;;bogat;Du musst nicht reich sein, um glücklich zu sein.;rich;
;;reichen;;mirisati/njušiti;;;
;der;Reis;<-es>;riža;;;
;die;Reise;;putovanje;;;
;das;Reisebüro;"<-s; -s>";putnička agencija;;;
;;reisen;;putovati;;;
;das;Reiseziel;"<-(e)s; -e>";cilj putovanja;;;
;;rennen ;;trčati;;;
;der;Resepass;-es Reisepässe;putovnica;Ich bin zwar halb Japanerin aber mein Reisepass ist Deutsch.;passport;Even though I am half Japanese my passport is German.
;die;Reservierung;"<Reservierung; Reservierungen>";rezervacija;;;
;;respektieren;;poštovati, respektirati;;;
;der;Rest;;ostatak;;;
;das;Restaurant;"<-s; -s>";restoran;Gehst du heute abend ins Restaurant?;;
;;restlich ;;preostali, ostatak nečega;;;
;die;Rezeption;"<Rezeption; -en>";recepcija;;;
;;richtig ;;točno;;;
;der;Richtsatz;;smjernica / stopa;Der Richtsatz für Alleinstehende wird im Jahr 2024 mit dem Anpassungsfaktor (1,09) erhöht. ;guideline;
;das;Risiko;"<-s; -ken>";rizik;;;
;der;Rock;;suknja;;;
;die;Rolle;"<Rolle; -n>";rola, uloga, svitak, kolut;;;
;die;Routine;<Routine>;rutina;;;
;der;Rücken;;leđa;;;
;die;Rückmeldung;;odgovor, feedback, response;;;
;;ruhig;;miran;;;
;;rund ;;okrugao, oblo, oko, otprilike;;;
;der;Sachbearbeiter;"<-s; Sachbearbeiter>";stručni radnik, referent;;;
;die;Sachbearbeiterin;"<Sachbearbeiterin; -innen>";stručna radnica, referentica;;;
;die;Sache;"<Sache; -n>";stvar, posao;;;
;der;Saft;;sok;;;
;die;Säge;Säge -n;pila;Ich habe noch nie eine Säge benutzt.;saw;I have never used a saw before.
;;sagen;;reći;;;
;die;Saison;"<Saison; -s>";sezona;;;
;der;Salat;"<-(e)s; -e>";salata;;;
;das;Salz;"<-es; -e>";sol;;;
;;sauber ;;čist;;;
;;sauber machen;;očistiti;;;
;die;"Sauerkirsche <Sauerkirsche; ";"<Sauerkirsche; -n>";višnja;;;
;;schade;;šteta;;;
;;schaffen ;;stvoriti, uspostaviti;;;
;der;Schalter;"<-s; Schalter>";šalter, prekidač;;;
;der;Schatz;;blago;;;
;;schätzen ;;cijeniti, poštovati, ocijeniti, procijeniti;;;
;;schauen;;gledati;;;
;das;Schaufenster;;izlog;;;
;;schenken;;pokloniti;;;
;der;Scherz;;šala;;;
;;schicken ;;slati, poslati;;;
;;schlafen;;spavati;Du schläfst zu wenig. Hast du gut geschlafen?;sleep;
;;schläfrig;;pospan;;;
;das;Schlafzimmer;;spavaća soba;;;
;;schlagen;;udariti;;;
;;schlank;;vitak/mršav;;;
;;schlecht;;loš;Was liest du bei schlechtem Wetter?;;
;;schleudern ;;baciti, bacati;;;
;;schließen;;zatvoriti;Die Geschäfte schließen um 18:30 Uhr.;;
;;schließlich ;;konačno, na kraju krajeva;;;
;der;Schluss;;kraj;;;
;der;Schlüssel;;ključ;Ich kann meinen Schlüssel nicht finden.;key;
;;schmecken;;imati okus;;;
;das;Schmerz;;bol, patnja;;;
;;schmutzig;;prljav;;;
;der;Schnaps ;;rakija;;;
;der;Schnee;;snijeg;;;
;;schneereich ;;sniježan;;;
;;schneiden;;sjeći / krojiti;;;
;;schneien;;sniježiti;;;
;;schnell;;brz;Komm schnell! Der Zug fährt in zehn Minuten.;fast;
;die;Schnittstelle;"<Schnittstelle; -n>";interface, sučelje, međusklop, ulaz;;;
;der;Schnupfen;;kihanje;;;
;die;Schokolade;;čokolada;Isst du oft Schokolade? Ich mag Schokolade.;chocolate;
;;schon;;već;Brauchst du mehr Zucker? Nein, die Limonade ist schon suß.;already;
;;schön;;lijep;Sie ist schön und sie singt gut.;beautiful;
;der;Schrank;;ormar;;;
;die;Schraube;Schraube -n;vijak;Mein Vater benutzt die Schraube wenn er etwas umbaut.;screw;My father uses screws when he rebuilds something.
;der;Schraubenzieher;-s Schraubenzieher;odvijač;Ich habe das Talent, immer den falschen Schraubenzieher zu benutzen.;screwdriver;I have a talent for always using the wrong screwdriver.
;;schrecklich;;strašno;;;
;;schreiben;;pisati;;;
;;schriftlich;;pisanim putem;Sie können sich schriftlich äußern oder den verstoß nicht zu geben.;;
;;schriftlich;;pismen, pisan;;;
;der;Schuh;;cipela;;;
;die;Schuhe ;;cipele;;;
;die;Schuld;`;krivica;;;
;;schulden;;dugovati;;;
;die;Schule;"<Schule; -n>";škola;Gehst du in die Schule? Wohin gehst du nach der Schule? Meine Enkelin will jeden Tag nach der Schule fernsehen.;school;
;der;Schüler;;učenik;Der Schüler beschreibt das Bild.;schoolboy;
;die;Schülerin;;učenica;Ist die Schülerin faul? Nein, die Schülerin lernt viel.;schoolgirl;
;das;Schulzeugnis;;školska knjižica, školska svjedodžba;;;
;der;Schuss;"<-es; Schüsse>";hitac, pucanj;;;
;die;Schwäche;"<Schwäche; -n>";mana, slabost, slaba strana;;;
;;schwarz;;crn;Meine Katze ist schwarz;black;
;;schwer;;težak;Aller Anfang ist schwer. Es ist nicht so schwer.;hard/difficult/massive;
;die;Schwester;-, -n;sestra;Meine Schwester ist in ihrem Zimmer;sister;My sister is in her room.
;das;Schwesterchen;<-s -en>;sestrica od milja;;;
;die;Schwierigkeit;"<Schwierigkeit; -en>";poteškoća, teškoća;;;
;;schwimmen;;plivati;Ich mag schwimmen.;swim;
;der;See;-s -n;jezero;Im Sommer treffe ich mich gerne mit Freunden am See.;lake;In summer I like to meet my friends at the lake.
;die;See;See;more;Im Sommer treffe ich mich gerne mit Freunden am See.;sea;In summer I like to meet my friends at the lake.
;;sehen;;videti/gledati;Ich habe sie heute nicht gesehen.;see;
;;sehr;;vrlo;Du bist sehr nett.;very;
;die;Seife;;sapun;;;
;;seit;;od;;;
;die;Seite;"<Seite; -n>";stranica/strana;Das Haust ist auf der linken Seite. Ihre Hausaufgaben finden Sie auf Seite 20.;page;
;;selbstständig / selbständig;;samostalan;;;
;die;Selbstständigkeit;<Selbstständigkeit>;samostalnost;;;
;;selbstverständlich ;;naravno, podrazumjevano;;;
;;selten;;rijetko;;;
;der;Service;"<Service; -s>";servis, usluga;;;
;;serviceorientiert ;;uslužno orijentiran;;;
;der;Sessel;;fotelja;;;
;;setzen;;smjestiti, postaviti, postaviti, posaditi;;;
;;sich setzen;;sjesti;;;
;;sich amüsieren;;zabaviti se;;;
;;sich ängern;;naljutiti se;;;
;;sich anziehen;;obući se;Sie duscht sich und zieht ihr Kleid an.;get dressed;
;;sich aufhalten ;;zadržati se;;;
;;sich ausruchen;;odmoriti se;;;
;;sich ausruhen;;odmoriti se;Du arbeitest zu viel. Du sollst ausruhen.;rest;
;;sich äußern;;izraziti se;Dazu möchte ich mich nicht äußern.;;
;;sich beeilen;;požuriti;;;
;;sich bemühen;;pomučiti se;;;
;;sich beschweren;;žaliti se;;;
;;sich bewerben;;prijaviti se;;;
;;sich duschen;;tuširati se;;;
;;sich entscheiden;;odlučiti se;;;
;;sich erholen;;oporaviti se;;;
;;sich fotografieren ;;fotografirati se;;;
;;sich freuen;;radovati se;Freust du dich?;;
;;sich fühlen;;osjećati se;;;
;;sich fürchten;;bojati se;;;
;;sich gewöhnen;;naviknuti se;;;
;;sich informieren;;informirati se;;;
;;sich interessieren;;interesirati se;Meine Schwester interessiert sich für Politik;;
;;sich kümmern;;brinuti se;;;
;;sich setzen;;sjesti;;;
;;sich Sorgen machen;;brinuti se oko nečega;;;
;;sich strengen;;naprezati se;;;
;;sicher;;siguran;;;
;die;Sicherheit;"<Sicherheit; -en>";sigurnost;;;
;die;Sicherheitskontrolle;"<Sicherheitskontrolle; -n>";sigurnosna provjera;;;
;;sicherstellen ;;osigurati;;;
;;singen;;pjevati;Ich mag singen.;sing;
;;sitzen;;sjediti;;;
;;sitzen;;sjediti;;;
;;skalierend ;;skalabilan;;;
;;sobald;;čim;Ich schlafe ein, sobald ich im Bett bin. Sobald sie mich anruft, werde ich es dir sagen.;right afer;
;;sofern ;;pod uvjetom, ukoliko;;;
;;sofort;;odmah;;;
;;sofortig ;;neodgodiv, neodloživ, trenutan;;;
;der;Softwareentwicklungszyklus;"<Softwareentwicklungszyklus; -klen>";SDLC;;;
;;sogar;;čak, čak i;Mein Bruder schwimmt sehr gern, sogar mit seiner Katze.;;
;der;Sohn;;sin;Mein Sohn ist blond.;son;
;;sollen;;trebati;;;
;der;Sommer;;ljeto;Besucht deine Familie jeden Sommer die Türkei?;;
;;sondern;;nego/već;;;
;die;Sonne;;sunce;;;
;;sonst;;inače;;;
;die;Sorge;;briga;;;
;;sorgen ;;skrbiti, brinuti;;;
;;sowie ;;kao i;;;
;;sowieso ;;i onako;;;
;;sowohl ;;i, također;;;
;;spannend ;;napet, uzbudljiv;;;
;;sparen;;štedjeti;Sie möchte nicht sparen.;;
;der;Spaß;;zadovoljstvo;;;
;;spät;;kasno;;;
;;spazieren gehen;;šetati;;;
;die;Specialität;"<Spezialität; -en>";specijalitet;;;
;die;Speisekarte;;jelovnik;;;
;;spielen;;igrati se/svirati;Er spielt nicht im Park.;play;
;das;Spielzeug;<-(e)s>;igračka;Lass das Radio, es ist kein Speilzeug.;toy;Leave the radio alone, it’s not a toy.
;der;Spieß;"<-es; -e>";ražanj, ražnjić, koplje;;;
;die;Spinne;Spinne -n;pauk;Ich habe große Angst vor Spinnen, egal ab klein oder groß.;spider;I am very scared of spiders, it doesn’t matter if they are small or big.
;der;Sport;;sport;;;
;die;Sprache;Sprache -n;jezik;Ihr lernt gerade ein bischen über die deutsche Sprache.;language;You are learning a little bit about the German language.
;;sprechen;;govoriti;Kann ich mit ihm sprechen? Wöruber möchtest du mit mir sprechen? Kann er mit jemandem Deutsch sprechen?;speaking;
;der;Sprecher;"<-s; Sprecher>";govornik, spiker;;;
;die;Sprecherin;;govornica, spikerica;;;
;die;Sprengladung;"<Sprengladung; -en>";eksplozivna naprava, ekslozivno punjenje;;;
;der;Sprengstoff;"<-(e)s; -e>";eksploziv;;;
;der;Sprengstoffanschlag;"<-(e)s; Sprengstoffanschläge>";bombaški napad, teroristički napad;;;
;;springen;;skakati;;;
;der;Staatsbürger;"<-s; Staatsbürger>";državljanin;;;
;der;Staatsbürger;"<-s; Staatsbürger>";državljanin;;;
;die;Staatsbürgerin;"<Staatsbürgerin; -innen>";državljanka;;;
;;stabil ;;stabilan, stalan, nepokolebljiv;;;
;die;Stadt;;grad;;;
;der;Stadtteil;;dio grada;;;
;der;Stahl;"<-(e)s; Stähle>";čelik;;;
;der;Stahlbau;"<-(e)s; -ten>";proizvodnja čelika;;;
;der;Stand;"<-(e)s; Stände>";stanje;;;
;;stark;;jak;;;
;die;Stärke;"<Stärke; -n>";vrlina, jakost, jača strana;;;
;;stärken ;;ojačati;;;
;;starten;;početi;;;
;;statt;;umjesto;;;
;der;Stau;;zastoj u prometu;;;
;der;Staubsauger;-s Staubsauger;usisavač;Heutzutage gibt es Staubsauger die automatisch putzen.;vacuum cleaner;Nowadays there are vacuum cleaners that function automatically.
;;stehen;;stajati;;;
;;steigen ;;penjati se, rasti, dići se, popeti se, izići;;;
;der;Steinpilz;"<-es; -e>";vrganj;;;
;die;Stelle;"<Stelle; -n>";mjesto, radno mjesto, pozicija, namješatnje;;;
;;stellen;;postaviti;;;
;die;Stellenanzeige;"<Stellenanzeige; -n>";oglas za posao;;;
;die;Stellenausschreibung;"<Stellenausschreibung; -en>";oglas za posao;;;
;der;Stellensuchende;"<Stellensuchenden; Stellensuchenden>";tražitelji posla;;;
;die;Stellensuchende;"<Stellensuchenden; Stellensuchenden>";tražiteljice posla;;;
;der;Stift;;olovka;Kannst du mir einem Stift geben?;pen;
;die;Stimmung;"<Stimmung; -en>";raspoloženje, ugođaj;;;
;der;Stock;;kat;;;
;;stören;;uznemiravati;;;
;der;Strand;"<-(e)s; Strände>";plaža;;;
;die;Straße;;ulica;Meine Freundin wohnt am Anfang der Straße.;street;
;die;Straßenbahn (S-Bahn);"<Straßenbahn; -en>";tramvaj;;;
;die;Streife;;patrola;;;
;der;Streit;;svađa;;;
;der;Stress;"<-es; -e>";stres;;;
;die;Struktur;"<Struktur; -en>";struktura, sastav;;;
;das;Stück;;komad;;;
;der;Student;;student;Ich bin ein Student.;student;
;die;Studentin;;studentkinja;Sie sind keine Studentin.;student;
;;studieren;;studirati;Wo studierst du?;study;
;das;Studio;"<-s; -s>";studio;;;
;der;Stuhl;;stolica;Der Stuhl ist neben dem Fenster. Der Stuhl ist rot.;chair;
;die;Stunde;;sat/čas;Wir haben noch eine halbe stunde. Der Termin war vor einer Stunde.;hour;
;;stürmen ;;jurišati, napadati;;;
;;suchen;;traziti;;;
;der;Süden;-s;jug;Im Süden Deutschlands liegt der Bundesstaat Bayern.;south;In the south Germany is the state Bavaria.
;der;Supermarkt;"<-(e)s; Supermärkte>";supermarket;;;
;die;Suppe;"<Suppe; -n>";juha, čorba;;;
;;süß;;sladak;Die Lemonade ist sehr süß.;;
;die;Süßkirsche;"<Süßkirsche; -n>";trešnja;;;
;;sympatisch;;simpatično;;;
;das;System;"<-s; -e>";sistem;;;
;die;Tablette;;tableta;;;
;der;Tag;" <-(e)s; -e> ";dan;Ich arbeite jeden Tag von 8 bis 16.;;
;das;Tagebuch;;dnevnik;;;
;;täglich;;dnevno;;;
;;tagtäglich ;;svakodnevno;;;
;;tanzen;;plesati;Willst du mit mir tanzen? Wir haben viel getanzt und gelacht.;dance;
;die;Tasche;"<Tasche; -n>";torba, džep;;;
;die;Tasse;;šalica;Die kleine Tasse ist auf dem Tisch.;mug/cup;
;die;Tätigkeit;"<Tätigkeit; -en>";djelatnost;;;
;;tatsächlich;;zapravo;;;
;;tatverdächtig ;;osumnjičeni;;;
;die;Taube;Taube -n;golub;Ich hatte füher extreme Angst vor Tauben und musste ich sogar die Straßenseite wechseln.;pigeon;I used to be very scared of pigeons and even had to switch to the other side of the street.
;der;Taucher;"<-s; Taucher>";ronilac;;;
;das;Taxi;;taxi;;;
;das;Team;"<-s; -s>";tim;;;
;der;Tee;"<-s; -s>";čaj;Der Tee ist sehr bitter.;tea;
;der;Teil;"<-(e)s; -e>";dio, udio;;;
;das;Telefon;;telefon;;;
;;telefonieren;;telefonirati;;;
;der;Teller;;tanjur;;;
;der;Teppich;"<-s; -e>";tepih;;;
;der;Termin;"<-s; -e>";termin, rok;;;
;;teuer;;skup;War die Wohnung teuer?;expensive;
;der;Text;;text;;;
;;tief;;dubok;Das Wasser is nicht zu tief.;deep;The water is not too deep.
;das;Tier;;životinja;;;
;der;Tiergarten;;zoološki vrt;;;
;der;Tisch;;stol;Ist der Tisch frei? Der Tisch ist zu klein.;desk;
;der;Tischcomputer;-s Tischcomputer;stolno računalo;Ich habe meinen Tischcomputer in einer anderen Farbe angemalt.;Desktop computer;I painted my desktop computer in a different color.
;die;Tochter;;kćer;Meine Tochter möchte Journalistin werden.;daughrter;
;;toll;;sjajno, divno;;;
;die;Tomate;"<Tomate; -n>";rajčica;;;
;;Tote;"<-n; -n>";mrtvac;;;
;die;Tour;"<Tour; -en>";tura, krug, izlet, pravac;;;
;der;Tourist;;turist;;;
;;tragen;;nositi;;;
;die;Trauben;;grožđe;;;
;der;Traum;;san;;;
;;träumen;;sanjati;;;
;;traurig;;tužan;Warum bist du traurig?;sad;
;;treffen;;naći se s nekim;Ich treffe meine Freundin heute Abend in der Bar.;meet;
;;trennen ;;odvojiti;;;
;;treten;;nagaziti;;;
;;trinken;;piti;Gestern hat er zu viel getrunken und jetzt hat er Kater.;drink;
;;trotzdem;;usprkos/unatoč tome;;;
;;tschüs;;ćao;;;
;;tun;;raditi;;;
;die;Tür;;vrata;Wer klopft an der Tür? Wer hat die Tür geöffnet?;door;
;der;Türkis;"<Türkises; Türkise>";tirkizna boja;;;
;die;U-Bahn;;podzemna željeznica;;;
;das;Übel;"<-s; Übel>";zlo;;;
;;übel ;;zao/zlo, loš/loše, neugodan/neugodno;;;
;;üben;;vježbati;;;
;;über;;preko;Haben Sie ein Buch über die Geschichte von Berlin?;over;
;;überall;;svugdje;;;
;der;Übergang;"<-(e)s; Übergänge>";prijelaz;;;
;;Übergangs-;;prijelazni;;;
;;überholen;;prestići / preteći;;;
;die;Überholspur;;preticajna traka na autoputu;;;
;;überlaufen;;pregaziti / prijeći preko;;;
;;übermitteln ;;uručiti;;;
;;übermorgen;;prekosutra;Ich arbeite nicht übermorgen;day after tomorrow;
;;übernehmen ;;preuzeti, osvojiti;;;
;;überraschen;;iznenaditi;;;
;die;Überraschung;;iznenađenje;;;
;;übersetzen;;prevesti;;;
;;übersichtlich;;pregledan, jasan, čitak;;;
;die;Überstunden;pl.;prekovremeni rad;;;
;die;Übertragung;;prijenos;;;
;die;Überwachung;"<Überwachung; -en>";nadgledanje, monitoring, nadzor;;;
;die;Überzahlung;"<Überzahlung; -en>";pretplata;;;
;die;Übung;;vježba;;;
;das;Ufer;;obala;;;
;die;Uhr;;sat;;;
;;umfangreich ;;opsežan;;;
;;umfassen ;;obuhvatiti, obuzeti, uključiti;;;
;;umfassend ;;obuhvatan, opsežan;;;
;das;Umfeld;"<-(e)s; -er>";okolina;;;
;die;Umgebung;"<Umgebung; -en>";okolina;;;
;;ums Leben kommen ;;poginuti;;;
;die;Umschulung;"<Umschulung; -en>";preškolovavanje, prekvalifikacija;;;
;;umsteigen;;presjedati;;;
;;umziehen;;preseliti;;;
;;unabhängig;`;nezavisan / neovisan;;;
;;unangenehm;;neprijatan;;;
;;unbedingt;;obavezno;;;
;der;Unfall;;nesreća / nezgoda;;;
;die;Unfallstelle;;mjesto nesreće (prometne);;;
;;unfreundlich;;neljubazan;Ihre Stimme klang nicht unfreundlich.;unkind;
;;ungefähr;;otprilike;;;
;;unheimlich;;tajanstveno;;;
;;unmöglich;;nemoguće;;;
;der;Unsinn;;gluposti;;;
;;unten;;ispod;;;
;;unter;;ispod;;;
;die;Unterbrechung;"<Unterbrechung; -en>";prekid, obustava;;;
;;unterbrechungsfrei ;;bez prekida, bez obustave;;;
;;unterhalten;;zabaviti, uzdržavati;;;
;die;Unterlage;"<Unterlage; -n>";dokument, podloga;;;
;das;Unternehmen;"<-s; Unternehmen>";poduzeće;;;
;der;Unternehmer;"<-s; Unternehmer>";poduzetnik;;;
;die;Unternehmerin;"<Unternehmerin; -innen>";poduzetnica;;;
;der;Unterricht;;predavanje;;;
;der;Unterschied;;razlika;Das ist der Unterschied zum Arbeitsmarkt. Bei keinem Job der Welt bekommt man mehr Gehalt, wenn man mehr Kinder hat.;difference;
;;unterschieden ;;razlikovati;;;
;;unterschrieben;;potpisati;;;
;die;Unterstützung;"<Unterstützung; -en>";podrška, potpora, support;;;
;die;Untersuchung;;istraga;;;
;;untertauchen ;;uroniti, zaroniti;;;
;;unterwegs;;usput;;;
;der;Urlaub;"<-(e)s; -e> ";godišnji odmor, dopust, praznici;;;
;der;Ursache;;razlog;;;
;die;Vase;;vaza;;;
;der;Vater;;otac;Mein Vater ist nicht zu Hause. Er ist im Park.;father;
;;verändern;;promijeniti;;;
;;verantwortlich ;;odgovoran;;;
;die;Verantwortung;"<Verantwortung; -en>";odgovornost;;;
;;verarbeiten ;;obraditi, preraditi;;;
;;verbeiten;;zabraniti;;;
;;verbessern;;poboljšati;Ich möchte meine Deutschkenntnisse verbessern.;enhance;
;;verbinden ;;spojiti, povezati, zavezati, zaviti;;;
;die;Verbindung;"<Verbindung; -en>";spoj, veza, konekcija;;;
;;verboten;;zabranjeno;Hier ist Baden verboten!;;
;;verbringen;;provesti;Wo verbringst du deine Ferien.;spend;
;der;Verbund;"<-(e)s; Verbünde>";savez, mreža;;;
;der;Verdacht;"<-(e)s; -e>";sumnja;;;
;;verdienen;;zaraditi;;;
;;verdoppeln ;;udvostručiti;;;
;;vereinbart;;zakazati, dogovoriti;;;
;die;Verfügung;"<Verfügung; -en>";naredba;;;
;;vergangen ;;prošli, prethodni;;;
;die;Vergangenheit;<Vergangenheit>;prošlost;;;
;;vergessen;;zaboraviti;Ich habe deinen Geburtstag vergessen.;forget;
;das;Vergnügen;;zadovoljstvo;;;
;;verheiratet;;oženjen / udata;;;
;;verkaufen;;prodati;Ich habe mein Fahrrad verkauft.;sell;
;der;Verkäufer;;prodavač;Der Verkäufer ist sehr nett.;salesman;
;die;Verkäuferin;;prodavačica;Die Verkäuferin ist ser nett.;saleswoman;
;der;Verkehr;;promet;Der Verkehr ist stark.;traffic;
;der;Verkehrsunfall;;prometna nesreća;;;
;der;Werkzeugbau;"<Werkzeugbau(e)s; kein pl>";proizvodnja alata, alatnica;;;
;;verlassen;;osloniti se na nekoga, ostaviti, napustiti;;;
;;verlaufen;;izgubiti se;;;
;;verletzen;;povrijediti;;;
;;verlieren;;izgubiti;Haben sie etwas verloren?;;
;;vermerken ;;ubilježiti, upisati, markirati;;;
;;vermieten;;iznajmiti;;;
;die;Verrechnung;"<Verrechnung; -en>";obračun;;;
;;verrückt;;lud;Zum Glück bin ich nicht verrückt.;;
;;verschieden;;različit, raznolik;Wir brauchen zwanzig verschiedene Sachen im Supermarkt.;;
;die;Versicherung;;osiguranje;;;
;die;Verspätung;;kašnjenje;;;
;;versprechen;;obećati;;;
;die;Verstärkung;"<Verstärkung; -en>";pojačanje;;;
;;verstehen;;razumijeti;Ich verstehe sehr gut.;understand;
;der;Verstoß;;prekršaj;Sie können sich schriftlich äußern oder den verstoß nicht zu geben.;;
;;verteidigen;;braniti;;to defend;
;der;Vertrag;"<-(e)s; Verträge>";ugovor;;;
;;vertreten ;;zamijeniti, zastupiti;;;
;die;Verwaltung;"<Verwaltung; -en>";uprava;;;
;;verwenden ;;upotrijebiti, uporabiti, koristiti;;;
;die;Verwendung;"<Verwendung; -en>";uporaba, korištenje;;;
;die;Verzeihung;;isprika;;;
;;viel;;puno;Ich habe viel zu tun.;much/many;I have a lot to do.
;;vielfältig ;;različiti, razni, raznovrsni;;;
;;vielleicht;;možda;Ist deine Frau veilleicht zu Hause?;maybe;
;das;Viertel;;četvrtina;;;
;das;Visum;-s -sa;viza;Wenn man ins Ausland geht braucht man normalweise ein Visum.;visa;When you go outside of your country you usually need a visa.
;der;Vogel;;ptica;;;
;;voll;;pun;;;
;;vollständig;;potpun, čitav, cjelokupan;;;
;;vollstrecken ;;izvršiti;;;
;;von;;od;;;
;;vor;;prije;;;
;;vor allem;;prije svega;;;
;;voranzutreiben ;;krenuti naprijed;;;
;die;Voraussetzung;"<Voraussetzung; -en>";pretpostavka, ispunjavanje uvjeta;;;
;;voraussichtlich ;;predvidljivo, očekivano;;;
;;vorbei;;preko;;;
;;vorbeikommen bei;;svratiti, navratiti kod;;;
;;vorbereiten;;pripremiti;;;
;die;Vorbereitung;"<Vorbereitung; -en>";priprema;;;
;die;Vordienstzeit;"<Vordienstzeit; -en>";prethodno vrijeme usluge, prethodno iskustvo;;;
;;vorgestern;;prekjučer;;;
;;vorhaben;;namjeravati;;;
;;vorher;;prethodno / prije toga;;;
;;vorig;;prošli;;;
;;vorläufig ;;privremen, za sada;;;
;der;Vormittag;"<-(e)s; -e>";prijepodne;;;
;der;Vorschlag;;prijedlog;;;
;;vorschlagen;;predložiti;;;
;;vorsichtig;;oprezan;;;
;die;Vorspeise;"<Vorspeise; -n>";predjelo;;;
;das;Vorstellungsgespräch;"<-(e)s; -e>";razgovor za posao;;;
;der;Vortag;"<-(e)s; -e>";prethodni dan;;;
;;vorweisen ;;prikazati;;;
;die;Vorwurf;"<-(e)s; Vorwürfe>";prijekor;;;
;das;Vorzimmer;;predsoblje;;;
;;wachsen ;;rasti, porasti;;;
;;wählen;;izabrati;;;
;;wahr;;istitnit;Es ist gar nicht wahr. Er hat mir gesagt, dass das nicht wahr ist.;1;
;;während;;za vrijeme;;;
;die;Wahrheit;;istina;Sagen Sie uns die ganze Wahrheit.;truth;
;;wahrscheinlich;;vjerojatno;;;
;der;Wald;;šuma;;;
;die;Wand;"<Wand; Wände>";zid;Der Kalender hängt an der Wand. Frau Meier hängt das Bild an die Wand.;wall;
;;wann;;kada;Wann bist du zu Hause? Wann schläfst du normalerweise ein?;when;
;;warm;;toplo;Es ist warm.;warm;
;der;Wartebereich;"<-(e)s; -e>";čekaona;;;
;;warten ;;čekati;;;
;die;Wartung;"<Wartung; -en>";održavanje;;;
;;warum;;zašto;Warum besuchst du uns so selten? Warum kommst du so spät?;why;
;;was;;što;Was machen Sie heute? Was kann ich dir bringen?;what;
;;was für eine;;kakav;;;
;die;Wäsche;;rublje;;;
;;waschen;;prati;;;
;das;Wasser;-s, -;voda;Er trinkt viel Wasser.;water;He drinks much water.
;der;Wasserfall;-(e)s Wasserfälle;vodopad;Ich finde, der Wasserfall ist einer der schönsten Natureregnisse.;waterfall;The waterfall is one of the prettiest things that nature can offer.
;die;Wasserwaage;Wasserwaage -n;vaservaga;Ich musste eine Wasserwaage benutzen, als ich mehrere Bilder in meinem Zimmer aufgehangen habe.;level;I had to use a level when I put up a few pictures in my room.
;;wechseln;;mijenjati, zamijeniti;;;
;;wecken;;probuditi;;;
;;weder ;;ni - ni;;;
;der;Weg;"<-(e)s; -e>";put;;;
;;weg sein;;otići;;;
;;weh tun;;boljeti;;;
;;wehtun;;boljeti;;;
;;weich;;mek;;;
;;weil;;jer/zbog;;;
;der;Wein;;vino;Wir haben aber auch keinen Wein mehr. Ich möchte Wein trinken.;wine;
;;weiß;;bijelo;;;
;;weit;;daleko;Es ist wit von hier.;;
;;weiter;;dalje;;;
;die;Weiterbildung;"<Weiterbildung; kein pl>";doškolovavanje, dodatna izobrazba;;;
;die;Weiterentwickelung;"<Weiterentwicklung; kein pl>";usavršavanje;;;
;;welche;;koji;;;
;die;Welt;"<Welt; -en>";svijet;;;
;die;Weltklasse;<Weltklasse>;svjetska klasa;;;
;;weltweit ;;širom svijeta, worldwide;;;
;;wenig;;malo;;;
;;wenigstens;;makar;;;
;;wer;;tko;Wer ist das? Wer kommt heute?;who;
;;werden;;postati, f. biti;;;
;das;Werkzeug;"<-(e)s; -e>";alat, oruđe;;;
;der;Wert;"<-(e)s; -e>";vrijednost, cijena;;;
;;wessen;;čiji;;;
;der;Westen;;zapad;;;
;das;Wetter;;vrijeme kao pojava;Ich gehe nicht aus, weil das Wetter schlecht ist.;whether;
;;wichtig;;važno, bitno;Die Reisen sind wichtig in meinem Leben.;important;
;;wie;;kako;Wie geht es dir?;how;
;;wieder;;opet;Wann soll er wiederkommen?;again;
;;wiederholen;;ponavljati;Ich wiederhole mich serhr oft.;to repeat;I repeat myself a lot.
;der;Winter;;zima;Im Winter ist hier sehr kalt.;winter;
;;wirklich;;stvarno, zaista, prilično;;;
;die;Wirtschaft;"<Wirtschaft; -en>";privreda, gospodarstvo;;;
;die;Wirtschaftsstruktur;"<Wirtschaftsstruktur; -en>";struktura, sastav gospodarstva;;;
;;wissen;;znati;Ich weiß nicht wo sie wohnt. Ich muss alles wissen.;know;
;;witzig;;zabavan / duhovit;;;
;;wo;;gdje;Wo wohnt sie?;where;
;die;Woche;;tjedan;Montag ist der erste Tag der Woche.;week;
;das;Wochenende;"<-s; -n>";vikend;;;
;;wofür;;za šta;;;
;;woher;;odakle;;;
;;wohin;;kuda;;;
;;wohl ;;dobro, ugodno, dakako, zbilja, zaista;;;
;;wohlfühlen ;;osjećati se dobro;;;
;;wohnen;;stanovati;Wohnst du schon lange hier? Wo hast du gewohnt? Ich habe in Berlin gewohnt, und du?;living;
;die;Wohngemeinschaft (WG);;stambena zajednica;;;
;die;Wohnung;"<Wohnung; -en>";stan;;;
;die;Wohnunterstützungsleistung;;stambena potpora;;;
;;wollen ;;htjeti, željeti;;;
;;womit;;čime;;;
;das;Wort;;riječ;Wie spricht man dieses Wort aus? Was bedeutet dieses Wort?;word;
;der;Wortshatz;;riječnik;;;
;;worüber;;o čemu;Worüber wollen wir reden? Worüber sprechen wir heute?;about what;
;das;Wunder;"<-s; Wunder>";čudo;;;
;;wunderbar;;čudesan;;;
;;wundern;;čuditi se;;;
;;wunderschön;;čudesno;;;
;;wünschen;;željeti;;;
;die;Wurst;;kobasica;;;
;die;Wurzel;"<Wurzel; -n>";korijen;;;
;;zählen;;brojati;Sie zählt das Geld.;counting;
;der;Zahn;;zub;;;
;;zanken;;svađati se;;;
;;zeigen;;pokazati;Wir zeigen userer Tante die Stadt.;show;
;die;Zeit;"<Zeit; -en>";vrijeme;Ich habe keine Zeit.;;
;das;Zeitausgleichskonto;"<-s; -ten>";račun za nadoknadu vremena;;;
;der;Zeitplan;"<-(e)s; Zeitpläne>";vremenski raspored, plan;;;
;die;Zeitung;"<Zeitung; -en>";novine;Ich habe die Zeitung noch nicht gelesen.;newspaper;
;das;Zentrum;;centar;;;
;das;Zertifikat;"<-(e)s; -e>";certifikat;;;
;das;Zeugnis;"<-ses; -se>";knjižica, svjedodžba;;;
;das;Ziel;"<Ziel(e)s; Ziele>";cilj;;;
;;ziemlich;;prilično;Das war ziemlich schwer für ihn.;quite;
;das;Zimmer;"<-s; Zimmer>";soba, prostorija;Mein Zimmer ist neben dem Bad. Wo ist dein Zimmer?;;
;der;Zoogarten;;zoološki vrt;;;
;;zörgen;;oklijevati;;;
;;zu Fuß;;pješke;;;
;;zubekommen ;;zatvoriti, sklopiti, poklopiti;;;
;der;Zucker;"<-s; Zucker>";šećer;Ich kann nicht Kaffee ohne Zucker trinken.;;
;;zuerst;;prvo;Ich kaufe Blumen zuerst, und dann mache ich einen Besuch.;first;
;der;Zufall;;slučaj;;;
;;zufällig;;slučajno;;;
;;zuviel;;previše;;;
;;zufrieden;;zadovoljan;Sind Sie mit ihrer Arbeit zufrieden?;glad;
;der;Zug;;vlak;Hält dieser Zug auch in Berlin?;train;
;;zugleich;;u isto vrijeme;Wien ist die Bundeshauptstadt der Republik Österreich und zugleich eines der neun österreichischen Bundesländer. ;at the same time;
;die;Zukunft;<Zukunft>;budućnost;;;
;;zum ersten Mal;;prvi put;Gehst du in Deutschland zum ersten Mal?;first time;
;;zumindest ;;barem;;;
;;zur Verfügung stehen ;;biti na raspolaganju;;;
;;zur Verfügung stellen ;;staviti na raspolaganje, osigurati;;;
;;zurückgeben;;vratiti;;;
;;zurückkommen;;vratiti se;Warte hier, bis ich züruckkomme.;to be back;
;;zurückweisen ;;odbiti, odbaciti;;;
;;zusammen;;zajedno;Gehen wir zusammen oder getrennt?;together;
;;zusätzlich;;dodatno; Eine Familie bekommt in Wien netto 4.600 Euro Mindestsicherung, zusätzlich weitere Zuschüsse und Befreiungen. Da gibt es nichts zusätzlich zu deckeln.;;
;;zuständig ;;nadležan, odgovoran, kompetentan;;;
;;zustimmen;;složiti se;;;
;;zuverlässig;;pouzdan;;;
;;zwar;;doduše;;;
;die;Zwiebel;"<Zwiebel; -n>";luk;;;
;;zwischen;;između;;;
;der;Zyklus;"<Zyklus; -klen>";ciklus;;;
